Date,Ticker,Open,High,Low,Close,Volume,Adj_Close
2019-01-02,AMZN,3435.69,3448.81,3375.89,3412.35,3186358,3412.35
2019-01-03,AMZN,3408.76,3498.51,3340.65,3419.58,3565665,3419.58
2019-01-04,AMZN,3437.62,3437.62,3376.82,3406.44,11613174,3406.44
2019-01-07,AMZN,3374.45,3457.4,3330.95,3394.18,8466050,3394.18
2019-01-08,AMZN,3501.56,3617.23,3451.17,3534.2,4205742,3534.2
2019-01-09,AMZN,3613.45,3643.31,3530.16,3586.74,3136266,3586.74
2019-01-10,AMZN,3770.15,3835.73,3666.72,3751.22,4191718,3751.22
2019-01-11,AMZN,3698.58,3746.4,3690.64,3718.52,4409781,3718.52
2019-01-14,AMZN,3749.53,3768.77,3658.29,3713.53,2432576,3713.53
2019-01-15,AMZN,3626.39,3677.51,3574.95,3626.23,4130138,3626.23
2019-01-16,AMZN,3606.69,3606.69,3555.99,3574.44,6788677,3574.44
2019-01-17,AMZN,3700.0,3750.92,3648.33,3699.63,1947510,3699.63
2019-01-18,AMZN,3663.65,3711.1,3620.33,3665.71,5567398,3665.71
2019-01-21,AMZN,3791.42,3865.1,3725.46,3795.28,6932451,3795.28
2019-01-22,AMZN,3699.72,3800.2,3623.76,3711.98,3196547,3711.98
2019-01-23,AMZN,3645.4,3667.41,3618.47,3642.94,7877138,3642.94
2019-01-24,AMZN,3617.88,3663.14,3579.49,3621.31,3034842,3621.31
2019-01-25,AMZN,3584.32,3668.06,3567.62,3617.84,4771818,3617.84
2019-01-28,AMZN,3661.52,3731.04,3627.26,3679.15,3538083,3679.15
2019-01-29,AMZN,3688.53,3785.86,3633.78,3709.82,3537767,3709.82
2019-01-30,AMZN,3709.88,3733.89,3631.74,3682.81,3124813,3682.81
2019-01-31,AMZN,3681.94,3695.05,3654.31,3674.68,5289504,3674.68
2019-02-01,AMZN,3673.59,3724.49,3584.15,3654.32,5617105,3654.32
2019-02-04,AMZN,3628.17,3676.93,3513.72,3595.33,3898241,3595.33
2019-02-05,AMZN,3549.18,3593.05,3484.91,3538.98,2321717,3538.98
2019-02-06,AMZN,3640.55,3665.68,3545.81,3605.75,4699999,3605.75
2019-02-07,AMZN,3476.54,3518.5,3460.86,3489.68,4735560,3489.68
2019-02-08,AMZN,3570.89,3627.27,3559.62,3593.44,3667859,3593.44
2019-02-11,AMZN,3565.09,3606.66,3537.34,3572.0,8441726,3572.0
2019-02-12,AMZN,3521.28,3571.3,3475.36,3523.33,2139822,3523.33
2019-02-13,AMZN,3599.47,3655.38,3487.09,3571.23,1647700,3571.23
2019-02-14,AMZN,3673.08,3725.31,3612.06,3668.68,2986076,3668.68
2019-02-15,AMZN,3728.38,3777.04,3710.84,3743.94,5314634,3743.94
2019-02-18,AMZN,3796.96,3817.63,3739.62,3778.62,2622050,3778.62
2019-02-19,AMZN,3854.45,3902.87,3805.13,3854.0,2701766,3854.0
2019-02-20,AMZN,3712.19,3802.72,3672.17,3737.45,5851528,3737.45
2019-02-21,AMZN,3708.89,3754.31,3652.09,3703.2,4812966,3703.2
2019-02-22,AMZN,3673.62,3690.46,3596.83,3643.64,4651169,3643.64
2019-02-25,AMZN,3751.08,3786.26,3664.85,3725.56,5467743,3725.56
2019-02-26,AMZN,3707.05,3737.03,3664.22,3700.62,3374398,3700.62
2019-02-27,AMZN,3748.84,3782.8,3733.35,3758.07,3437349,3758.07
2019-02-28,AMZN,3763.86,3816.04,3763.86,3795.21,5530100,3795.21
2019-03-01,AMZN,3735.19,3774.93,3699.99,3737.46,2335765,3737.46
2019-03-04,AMZN,3717.53,3724.15,3673.61,3698.88,1697584,3698.88
2019-03-05,AMZN,3776.16,3831.15,3742.34,3786.74,3363495,3786.74
2019-03-06,AMZN,3715.19,3811.37,3658.54,3734.95,5804559,3734.95
2019-03-07,AMZN,3776.36,3816.42,3671.7,3744.06,4430525,3744.06
2019-03-08,AMZN,3716.13,3755.96,3628.81,3692.39,5636204,3692.39
2019-03-11,AMZN,3682.43,3753.24,3591.3,3672.27,1785639,3672.27
2019-03-12,AMZN,3643.25,3708.96,3630.86,3669.91,4538030,3669.91
2019-03-13,AMZN,3593.53,3701.4,3537.08,3619.24,5195745,3619.24
2019-03-14,AMZN,3529.64,3604.07,3511.68,3557.88,2330249,3557.88
2019-03-15,AMZN,3585.25,3623.49,3530.36,3576.93,5646960,3576.93
2019-03-18,AMZN,3496.52,3569.8,3477.43,3523.61,3825490,3523.61
2019-03-19,AMZN,3497.02,3497.4,3449.04,3473.22,13664880,3473.22
2019-03-20,AMZN,3449.33,3499.37,3331.93,3415.65,1674307,3415.65
2019-03-21,AMZN,3402.39,3438.01,3385.0,3411.51,6916709,3411.51
2019-03-22,AMZN,3467.39,3511.62,3429.59,3470.6,3416549,3470.6
2019-03-25,AMZN,3581.78,3607.29,3526.07,3566.68,2094748,3566.68
2019-03-26,AMZN,3551.82,3551.82,3498.17,3521.04,3239802,3521.04
2019-03-27,AMZN,3689.53,3690.13,3631.23,3660.68,4469542,3660.68
2019-03-28,AMZN,3563.93,3616.95,3563.93,3595.75,6057402,3595.75
2019-03-29,AMZN,3642.99,3707.04,3627.48,3667.26,7965184,3667.26
2019-04-01,AMZN,3639.04,3701.47,3539.75,3620.61,7064283,3620.61
2019-04-02,AMZN,3578.43,3606.99,3522.93,3564.96,2718666,3564.96
2019-04-03,AMZN,3492.34,3544.45,3491.86,3518.15,6286221,3518.15
2019-04-04,AMZN,3515.64,3578.47,3452.52,3515.49,4677708,3515.49
2019-04-05,AMZN,3573.01,3641.64,3464.47,3553.05,3078532,3553.05
2019-04-08,AMZN,3576.6,3631.53,3562.13,3596.83,3674915,3596.83
2019-04-09,AMZN,3563.16,3574.35,3499.43,3536.89,3011256,3536.89
2019-04-10,AMZN,3444.03,3560.02,3390.18,3475.1,4059790,3475.1
2019-04-11,AMZN,3438.17,3448.19,3389.56,3418.88,2987482,3418.88
2019-04-12,AMZN,3420.58,3464.63,3360.72,3412.67,2651423,3412.67
2019-04-15,AMZN,3387.86,3433.73,3367.12,3400.43,4844974,3400.43
2019-04-16,AMZN,3358.16,3422.45,3264.33,3343.39,5143771,3343.39
2019-04-17,AMZN,3379.26,3443.05,3277.52,3360.29,3710829,3360.29
2019-04-18,AMZN,3531.0,3575.16,3426.08,3500.62,6912662,3500.62
2019-04-19,AMZN,3460.44,3508.81,3430.42,3469.61,3604280,3469.61
2019-04-22,AMZN,3456.1,3488.3,3398.29,3443.29,3543746,3443.29
2019-04-23,AMZN,3485.95,3513.06,3444.56,3478.81,5209531,3478.81
2019-04-24,AMZN,3446.38,3523.23,3366.05,3444.64,3793632,3444.64
2019-04-25,AMZN,3514.25,3568.24,3405.81,3487.02,4138003,3487.02
2019-04-26,AMZN,3408.65,3488.92,3396.81,3442.86,1459536,3442.86
2019-04-29,AMZN,3543.45,3623.49,3494.44,3558.96,4026821,3558.96
2019-04-30,AMZN,3584.53,3611.56,3552.02,3581.79,1925943,3581.79
2019-05-01,AMZN,3519.91,3591.24,3494.18,3542.71,2454478,3542.71
2019-05-02,AMZN,3534.62,3567.83,3444.21,3506.02,2344718,3506.02
2019-05-03,AMZN,3484.66,3518.55,3430.25,3474.4,2635996,3474.4
2019-05-06,AMZN,3560.41,3605.28,3518.7,3561.99,3211547,3561.99
2019-05-07,AMZN,3504.14,3504.14,3464.74,3482.22,3292665,3482.22
2019-05-08,AMZN,3437.87,3513.81,3368.69,3441.25,5217427,3441.25
2019-05-09,AMZN,3411.27,3484.92,3329.64,3407.28,4372126,3407.28
2019-05-10,AMZN,3373.07,3490.05,3323.86,3406.95,1869861,3406.95
2019-05-13,AMZN,3381.9,3456.74,3325.27,3391.01,4135516,3391.01
2019-05-14,AMZN,3277.96,3354.57,3249.07,3301.82,4543040,3301.82
2019-05-15,AMZN,3291.19,3312.81,3244.7,3278.76,3507374,3278.76
2019-05-16,AMZN,3272.13,3355.29,3191.71,3273.5,3903759,3273.5
2019-05-17,AMZN,3224.47,3291.68,3182.94,3237.31,4316385,3237.31
2019-05-20,AMZN,3276.08,3339.24,3217.14,3278.19,5431059,3278.19
2019-05-21,AMZN,3314.16,3395.69,3271.36,3333.52,2130469,3333.52
2019-05-22,AMZN,3357.75,3402.38,3256.52,3329.45,3627586,3329.45
2019-05-23,AMZN,3314.09,3361.29,3314.09,3343.92,7312818,3343.92
2019-05-24,AMZN,3240.46,3247.2,3186.69,3216.95,7049515,3216.95
2019-05-27,AMZN,3193.98,3251.73,3134.79,3193.26,5621896,3193.26
2019-05-28,AMZN,3259.89,3326.63,3177.67,3252.15,4958108,3252.15
2019-05-29,AMZN,3215.32,3288.45,3167.68,3228.06,7753530,3228.06
2019-05-30,AMZN,3215.85,3228.39,3143.83,3186.11,8614385,3186.11
2019-05-31,AMZN,3305.59,3360.68,3279.46,3320.07,3798713,3320.07
2019-06-03,AMZN,3437.32,3499.02,3363.43,3431.23,2714265,3431.23
2019-06-04,AMZN,3495.03,3529.49,3392.26,3460.88,3590090,3460.88
2019-06-05,AMZN,3560.15,3593.79,3472.66,3533.22,13804195,3533.22
2019-06-06,AMZN,3397.56,3431.86,3358.33,3395.09,2135181,3395.09
2019-06-07,AMZN,3380.77,3426.62,3269.25,3347.93,3313744,3347.93
2019-06-10,AMZN,3333.73,3373.61,3267.11,3320.36,2273266,3320.36
2019-06-11,AMZN,3287.64,3375.72,3238.09,3306.9,4204687,3306.9
2019-06-12,AMZN,3272.3,3308.93,3248.04,3278.49,2472470,3278.49
2019-06-13,AMZN,3121.62,3169.2,3094.78,3131.99,3829728,3131.99
2019-06-14,AMZN,3144.58,3225.37,3083.47,3154.42,1833554,3154.42
2019-06-17,AMZN,3202.64,3205.16,3166.92,3186.04,5120963,3186.04
2019-06-18,AMZN,3285.39,3329.87,3229.86,3279.86,6522335,3279.86
2019-06-19,AMZN,3204.38,3281.59,3186.93,3234.26,3430537,3234.26
2019-06-20,AMZN,3208.63,3248.36,3120.82,3184.59,3789531,3184.59
2019-06-21,AMZN,3022.85,3067.48,3002.9,3035.19,3746909,3035.19
2019-06-24,AMZN,3049.78,3049.78,2991.43,3019.76,4300187,3019.76
2019-06-25,AMZN,3097.6,3141.92,2997.51,3069.72,3939392,3069.72
2019-06-26,AMZN,3063.42,3086.57,2986.76,3036.67,5438705,3036.67
2019-06-27,AMZN,3176.36,3179.11,3134.32,3156.71,6550294,3156.71
2019-06-28,AMZN,3125.2,3170.6,3114.91,3142.76,2888293,3142.76
2019-07-01,AMZN,3153.73,3230.39,3072.96,3151.68,3534468,3151.68
2019-07-02,AMZN,3058.91,3103.28,3048.45,3075.87,5737032,3075.87
2019-07-03,AMZN,3077.53,3145.61,3039.17,3092.39,2265117,3092.39
2019-07-04,AMZN,2991.34,3024.72,2944.71,2984.72,1818488,2984.72
2019-07-05,AMZN,2995.03,3091.44,2954.13,3022.79,4379001,3022.79
2019-07-08,AMZN,3091.8,3124.61,3001.46,3063.04,4878476,3063.04
2019-07-09,AMZN,3165.78,3192.68,3086.32,3139.5,2996288,3139.5
2019-07-10,AMZN,3075.61,3099.04,3066.88,3082.96,3173496,3082.96
2019-07-11,AMZN,3093.42,3162.34,3022.59,3092.47,2951216,3092.47
2019-07-12,AMZN,3122.48,3168.01,3081.19,3124.6,2827871,3124.6
2019-07-15,AMZN,3174.24,3224.61,3075.72,3150.16,5278767,3150.16
2019-07-16,AMZN,3113.76,3148.32,3055.81,3102.06,2494516,3102.06
2019-07-17,AMZN,2958.71,3028.02,2915.77,2971.89,3596946,2971.89
2019-07-18,AMZN,2987.9,3010.18,2971.97,2991.08,2784754,2991.08
2019-07-19,AMZN,2979.2,3042.82,2924.06,2983.44,2234860,2983.44
2019-07-22,AMZN,2980.85,2988.45,2918.98,2953.72,5665332,2953.72
2019-07-23,AMZN,2975.73,3031.2,2959.15,2995.18,3249055,2995.18
2019-07-24,AMZN,2968.75,3015.39,2968.75,2993.32,4313158,2993.32
2019-07-25,AMZN,2945.88,2946.83,2900.42,2923.63,2188166,2923.63
2019-07-26,AMZN,2846.67,2848.87,2799.65,2824.26,2972842,2824.26
2019-07-29,AMZN,2788.55,2799.98,2735.96,2767.97,5412599,2767.97
2019-07-30,AMZN,2890.98,2956.36,2824.33,2890.34,11259395,2890.34
2019-07-31,AMZN,2938.1,2964.96,2892.53,2928.74,1814496,2928.74
2019-08-01,AMZN,2942.98,2996.53,2881.98,2939.26,3690829,2939.26
2019-08-02,AMZN,2904.98,2949.71,2904.98,2930.21,4717158,2930.21
2019-08-05,AMZN,2923.33,2966.82,2868.66,2917.74,3126312,2917.74
2019-08-06,AMZN,2951.26,3023.87,2936.63,2980.25,5618715,2980.25
2019-08-07,AMZN,2944.26,3027.17,2882.04,2954.6,2828089,2954.6
2019-08-08,AMZN,3011.82,3051.47,2920.54,2986.01,4253888,2986.01
2019-08-09,AMZN,2956.26,3009.73,2926.06,2967.9,3246136,2967.9
2019-08-12,AMZN,3100.99,3136.98,3010.93,3073.95,6514736,3073.95
2019-08-13,AMZN,3100.31,3143.49,3088.28,3115.89,3051851,3115.89
2019-08-14,AMZN,3175.31,3238.91,3135.35,3187.13,3474827,3187.13
2019-08-15,AMZN,3162.47,3174.85,3133.89,3154.37,5839060,3154.37
2019-08-16,AMZN,3232.46,3254.1,3177.17,3215.63,2651376,3215.63
2019-08-19,AMZN,3198.28,3228.63,3167.75,3198.19,4111526,3198.19
2019-08-20,AMZN,3229.63,3267.25,3143.03,3205.14,1929538,3205.14
2019-08-21,AMZN,3271.13,3350.36,3252.62,3301.49,2588609,3301.49
2019-08-22,AMZN,3268.07,3305.59,3175.82,3240.71,4660612,3240.71
2019-08-23,AMZN,3233.44,3302.99,3203.4,3253.2,2691275,3253.2
2019-08-26,AMZN,3304.77,3304.77,3257.49,3279.56,3217051,3279.56
2019-08-27,AMZN,3304.46,3376.28,3245.77,3311.03,4872118,3311.03
2019-08-28,AMZN,3306.75,3356.05,3213.72,3284.89,3172817,3284.89
2019-08-29,AMZN,3422.94,3489.93,3332.53,3411.23,5559072,3411.23
2019-08-30,AMZN,3311.66,3388.06,3278.47,3333.26,4360381,3333.26
2019-09-02,AMZN,3451.21,3491.3,3353.9,3422.6,4761523,3422.6
2019-09-03,AMZN,3481.13,3569.06,3428.81,3498.94,6571095,3498.94
2019-09-04,AMZN,3602.88,3650.8,3592.02,3621.41,4545890,3621.41
2019-09-05,AMZN,3542.13,3549.17,3490.85,3520.01,7402614,3520.01
2019-09-06,AMZN,3438.72,3488.28,3438.72,3466.04,5759204,3466.04
2019-09-09,AMZN,3541.25,3601.64,3520.46,3561.05,3244344,3561.05
2019-09-10,AMZN,3443.64,3493.22,3393.56,3443.39,6709695,3443.39
2019-09-11,AMZN,3367.99,3429.38,3262.37,3345.87,4445270,3345.87
2019-09-12,AMZN,3293.83,3362.4,3272.04,3317.22,3415836,3317.22
2019-09-13,AMZN,3332.5,3394.33,3264.32,3329.33,4471163,3329.33
2019-09-16,AMZN,3441.25,3491.43,3362.11,3426.77,6241528,3426.77
2019-09-17,AMZN,3440.64,3447.05,3384.95,3416.0,4798543,3416.0
2019-09-18,AMZN,3408.88,3408.88,3358.59,3379.44,8291670,3379.44
2019-09-19,AMZN,3418.43,3453.19,3344.96,3399.08,6177456,3399.08
2019-09-20,AMZN,3439.06,3493.74,3363.41,3428.58,4931081,3428.58
2019-09-23,AMZN,3451.98,3542.86,3370.27,3456.57,2653467,3456.57
2019-09-24,AMZN,3419.42,3488.1,3404.21,3446.16,3722521,3446.16
2019-09-25,AMZN,3341.57,3403.91,3251.32,3327.62,4116321,3327.62
2019-09-26,AMZN,3305.98,3315.1,3232.34,3273.72,5285392,3273.72
2019-09-27,AMZN,3375.03,3422.23,3296.01,3359.12,5161501,3359.12
2019-09-30,AMZN,3338.5,3428.28,3313.9,3371.09,4280674,3371.09
2019-10-01,AMZN,3351.95,3372.52,3331.89,3352.2,4197270,3352.2
2019-10-02,AMZN,3428.84,3443.47,3398.53,3421.0,5336004,3421.0
2019-10-03,AMZN,3365.46,3370.9,3334.59,3352.74,2837319,3352.74
2019-10-04,AMZN,3354.48,3381.27,3298.33,3339.8,7881361,3339.8
2019-10-07,AMZN,3352.61,3415.41,3282.03,3348.72,1763724,3348.72
2019-10-08,AMZN,3304.46,3350.94,3294.75,3322.84,7159628,3322.84
2019-10-09,AMZN,3358.95,3386.49,3272.51,3329.5,3928352,3329.5
2019-10-10,AMZN,3331.95,3354.66,3283.13,3318.9,5973459,3318.9
2019-10-11,AMZN,3219.92,3304.73,3169.17,3236.95,4626638,3236.95
2019-10-14,AMZN,3236.61,3316.26,3180.05,3248.15,4593802,3248.15
2019-10-15,AMZN,3198.77,3237.06,3106.95,3172.01,4992796,3172.01
2019-10-16,AMZN,3206.74,3231.39,3132.76,3182.08,5528497,3182.08
2019-10-17,AMZN,3256.19,3297.26,3227.5,3262.38,3507003,3262.38
2019-10-18,AMZN,3216.55,3315.32,3177.74,3246.53,6050942,3246.53
2019-10-21,AMZN,3150.67,3207.11,3150.67,3179.38,2592197,3179.38
2019-10-22,AMZN,3159.01,3206.97,3138.47,3172.72,3991480,3172.72
2019-10-23,AMZN,3134.22,3153.28,3099.02,3126.15,5588340,3126.15
2019-10-24,AMZN,3165.7,3218.79,3101.96,3160.38,5955417,3160.38
2019-10-25,AMZN,3161.0,3211.59,3093.53,3152.56,4809580,3152.56
2019-10-28,AMZN,3265.83,3310.4,3193.01,3251.7,3417596,3251.7
2019-10-29,AMZN,3289.17,3365.33,3276.9,3321.12,5725772,3321.12
2019-10-30,AMZN,3286.44,3335.8,3286.44,3312.6,3060406,3312.6
2019-10-31,AMZN,3346.74,3434.12,3278.23,3356.18,8059552,3356.18
2019-11-01,AMZN,3310.12,3383.64,3282.62,3333.13,3866795,3333.13
2019-11-04,AMZN,3307.46,3379.63,3291.96,3335.8,2160725,3335.8
2019-11-05,AMZN,3324.13,3370.4,3259.18,3314.79,2480402,3314.79
2019-11-06,AMZN,3382.67,3391.24,3331.7,3361.47,4070442,3361.47
2019-11-07,AMZN,3467.38,3476.34,3423.55,3449.95,4230095,3449.95
2019-11-08,AMZN,3522.76,3546.45,3454.67,3500.56,8794768,3500.56
2019-11-11,AMZN,3571.61,3593.78,3525.83,3559.81,2640305,3559.81
2019-11-12,AMZN,3637.16,3655.91,3584.34,3620.12,4063640,3620.12
2019-11-13,AMZN,3640.22,3740.47,3573.35,3656.91,2618301,3656.91
2019-11-14,AMZN,3618.69,3639.31,3527.4,3583.36,3284559,3583.36
2019-11-15,AMZN,3672.04,3749.67,3641.25,3695.46,7845053,3695.46
2019-11-18,AMZN,3796.37,3889.92,3746.43,3818.18,2538973,3818.18
2019-11-19,AMZN,3786.8,3894.24,3711.46,3802.85,5058709,3802.85
2019-11-20,AMZN,3814.19,3814.19,3750.9,3778.27,4680745,3778.27
2019-11-21,AMZN,3858.18,3903.67,3738.07,3820.87,3961512,3820.87
2019-11-22,AMZN,3882.43,3924.05,3795.28,3859.67,4923742,3859.67
2019-11-25,AMZN,3856.31,3876.86,3815.91,3846.38,2515033,3846.38
2019-11-26,AMZN,3763.02,3802.67,3720.35,3761.51,7758766,3761.51
2019-11-27,AMZN,3818.59,3838.39,3727.57,3782.98,8638531,3782.98
2019-11-28,AMZN,3836.38,3893.37,3749.5,3821.43,4076082,3821.43
2019-11-29,AMZN,3906.86,3910.57,3834.26,3872.41,10543787,3872.41
2019-12-02,AMZN,3883.27,3958.75,3836.39,3897.57,3409900,3897.57
2019-12-03,AMZN,3866.43,3951.84,3806.81,3879.33,4694854,3879.33
2019-12-04,AMZN,3978.13,4005.3,3894.9,3950.1,7092585,3950.1
2019-12-05,AMZN,3927.83,4043.58,3867.48,3955.53,3329068,3955.53
2019-12-06,AMZN,3958.29,4011.14,3835.46,3923.3,2301761,3923.3
2019-12-09,AMZN,3911.89,3967.68,3854.93,3911.3,2099307,3911.3
2019-12-10,AMZN,3823.33,3883.73,3698.28,3791.0,9121415,3791.0
2019-12-11,AMZN,3766.96,3803.91,3754.69,3779.3,3237121,3779.3
2019-12-12,AMZN,3843.67,3846.54,3807.75,3827.14,3713592,3827.14
2019-12-13,AMZN,3850.03,3899.92,3802.77,3851.35,2563026,3851.35
2019-12-16,AMZN,3969.0,4026.35,3891.58,3958.96,5845254,3958.96
2019-12-17,AMZN,3941.35,4010.31,3871.71,3941.01,2926099,3941.01
2019-12-18,AMZN,4013.63,4034.25,3918.7,3976.48,3286388,3976.48
2019-12-19,AMZN,4049.89,4064.63,4004.14,4034.38,4509122,4034.38
2019-12-20,AMZN,4188.02,4244.35,4173.55,4208.95,2613462,4208.95
2019-12-23,AMZN,4255.31,4313.76,4127.69,4220.73,3724234,4220.73
2019-12-24,AMZN,4125.85,4235.54,4050.29,4142.92,7008881,4142.92
2019-12-25,AMZN,4196.62,4285.17,4129.68,4207.42,4747395,4207.42
2019-12-26,AMZN,4317.31,4431.51,4272.37,4351.94,4214417,4351.94
2019-12-27,AMZN,4362.18,4400.93,4254.19,4327.56,4358989,4327.56
2019-12-30,AMZN,4375.6,4434.21,4354.59,4394.4,3423420,4394.4
2019-12-31,AMZN,4471.85,4554.47,4432.56,4493.52,8888473,4493.52
2020-01-01,AMZN,4615.88,4664.0,4490.81,4577.4,2890505,4577.4
2020-01-02,AMZN,4616.66,4660.87,4516.37,4588.62,4352127,4588.62
2020-01-03,AMZN,4499.61,4556.49,4499.61,4532.14,4188340,4532.14
2020-01-06,AMZN,4550.75,4635.32,4417.41,4526.37,5988250,4526.37
2020-01-07,AMZN,4602.45,4664.7,4464.79,4564.75,6218718,4564.75
2020-01-08,AMZN,4601.73,4688.24,4593.47,4640.86,3949096,4640.86
2020-01-09,AMZN,4700.09,4750.64,4588.79,4669.71,4493181,4669.71
2020-01-10,AMZN,4643.16,4747.61,4529.91,4638.76,4561758,4638.76
2020-01-13,AMZN,4702.11,4718.68,4653.82,4686.25,1611938,4686.25
2020-01-14,AMZN,4759.58,4831.95,4688.57,4760.26,2118479,4760.26
2020-01-15,AMZN,4812.76,4861.51,4726.08,4793.8,3140144,4793.8
2020-01-16,AMZN,4679.06,4785.44,4660.71,4723.07,3195216,4723.07
2020-01-17,AMZN,4733.3,4810.79,4606.33,4708.56,2475844,4708.56
2020-01-20,AMZN,4745.77,4850.9,4730.06,4790.48,5398533,4790.48
2020-01-21,AMZN,4669.4,4702.89,4644.26,4673.58,4003390,4673.58
2020-01-22,AMZN,4470.19,4530.05,4470.19,4501.61,3670825,4501.61
2020-01-23,AMZN,4656.29,4656.29,4599.27,4626.35,2420156,4626.35
2020-01-24,AMZN,4652.61,4731.58,4608.45,4670.01,3929359,4670.01
2020-01-27,AMZN,4717.85,4813.64,4630.72,4722.18,1398808,4722.18
2020-01-28,AMZN,4625.81,4674.44,4590.37,4632.41,3747585,4632.41
2020-01-29,AMZN,4720.79,4779.38,4611.02,4695.2,4102382,4695.2
2020-01-30,AMZN,4717.62,4807.85,4630.95,4719.4,4406410,4719.4
2020-01-31,AMZN,4614.09,4633.93,4541.23,4587.58,2139674,4587.58
2020-02-03,AMZN,4667.44,4787.68,4627.52,4707.6,4376376,4707.6
2020-02-04,AMZN,4692.83,4810.24,4633.66,4721.95,2637210,4721.95
2020-02-05,AMZN,4694.12,4756.5,4622.08,4689.29,2890144,4689.29
2020-02-06,AMZN,4700.02,4713.03,4603.7,4658.37,5330616,4658.37
2020-02-07,AMZN,4455.05,4571.37,4415.16,4493.26,8952562,4493.26
2020-02-10,AMZN,4500.85,4653.91,4430.81,4542.36,4083023,4542.36
2020-02-11,AMZN,4533.32,4626.47,4502.89,4564.68,2884801,4564.68
2020-02-12,AMZN,4562.46,4608.01,4491.22,4549.62,4313555,4549.62
2020-02-13,AMZN,4647.0,4722.92,4589.89,4656.4,5823526,4656.4
2020-02-14,AMZN,4572.28,4572.34,4513.06,4542.7,5127885,4542.7
2020-02-17,AMZN,4456.53,4567.22,4422.81,4495.01,11983605,4495.01
2020-02-18,AMZN,4400.71,4478.84,4376.35,4427.59,3004644,4427.59
2020-02-19,AMZN,4388.64,4438.99,4373.53,4406.26,4424631,4406.26
2020-02-20,AMZN,4423.63,4475.65,4349.23,4412.44,7432494,4412.44
2020-02-21,AMZN,4464.04,4470.1,4425.03,4447.56,7248235,4447.56
2020-02-24,AMZN,4387.48,4478.33,4363.08,4420.7,1833566,4420.7
2020-02-25,AMZN,4390.89,4390.89,4321.29,4352.26,3994631,4352.26
2020-02-26,AMZN,4472.94,4511.82,4462.59,4487.21,7243486,4487.21
2020-02-27,AMZN,4707.15,4787.89,4586.44,4687.17,12712065,4687.17
2020-02-28,AMZN,4702.43,4809.79,4590.52,4700.15,5300561,4700.15
2020-03-02,AMZN,4611.72,4679.88,4594.99,4637.43,3452674,4637.43
2020-03-03,AMZN,4796.12,4838.33,4687.95,4763.14,2671427,4763.14
2020-03-04,AMZN,4671.12,4690.59,4592.56,4641.58,9716171,4641.58
2020-03-05,AMZN,4604.97,4683.18,4545.93,4614.56,5353716,4614.56
2020-03-06,AMZN,4566.03,4620.55,4495.36,4557.95,2849283,4557.95
2020-03-09,AMZN,4443.02,4510.99,4418.3,4464.65,3687806,4464.65
2020-03-10,AMZN,4459.91,4527.49,4358.58,4443.04,4528401,4443.04
2020-03-11,AMZN,4358.57,4408.23,4342.34,4375.28,4971974,4375.28
2020-03-12,AMZN,4407.22,4407.22,4350.57,4377.1,2791131,4377.1
2020-03-13,AMZN,4355.31,4469.22,4290.92,4380.07,3128701,4380.07
2020-03-16,AMZN,4290.13,4411.53,4252.81,4332.17,2064979,4332.17
2020-03-17,AMZN,4284.25,4368.61,4239.74,4304.18,6062966,4304.18
2020-03-18,AMZN,4260.65,4348.68,4225.59,4287.14,3489110,4287.14
2020-03-19,AMZN,4351.63,4415.95,4285.87,4350.91,4820236,4350.91
2020-03-20,AMZN,4314.39,4399.75,4280.48,4340.11,7065316,4340.11
2020-03-23,AMZN,4429.04,4462.5,4349.2,4405.85,4367725,4405.85
2020-03-24,AMZN,4430.36,4520.16,4386.62,4453.39,3823270,4453.39
2020-03-25,AMZN,4518.92,4570.36,4430.22,4500.29,4322625,4500.29
2020-03-26,AMZN,4622.24,4701.93,4528.06,4614.99,4102398,4614.99
2020-03-27,AMZN,4567.78,4610.75,4436.82,4523.79,6584776,4523.79
2020-03-30,AMZN,4531.12,4542.58,4429.95,4486.26,4529582,4486.26
2020-03-31,AMZN,4666.04,4693.28,4570.34,4631.81,3217272,4631.81
2020-04-01,AMZN,4635.25,4668.79,4553.75,4611.27,6082610,4611.27
2020-04-02,AMZN,4374.3,4453.22,4315.29,4384.26,6543604,4384.26
2020-04-03,AMZN,4391.22,4430.55,4307.63,4369.09,2341898,4369.09
2020-04-06,AMZN,4420.55,4480.38,4280.7,4380.54,7384682,4380.54
2020-04-07,AMZN,4139.91,4258.86,4100.64,4179.75,4628251,4179.75
2020-04-08,AMZN,4285.38,4380.5,4183.75,4282.13,4479907,4282.13
2020-04-09,AMZN,4204.42,4309.37,4147.15,4228.26,5983132,4228.26
2020-04-10,AMZN,4259.07,4358.03,4150.26,4254.14,3188350,4254.14
2020-04-13,AMZN,4234.83,4312.74,4162.6,4237.67,5858890,4237.67
2020-04-14,AMZN,4147.58,4241.82,4040.79,4141.31,3440387,4141.31
2020-04-15,AMZN,4067.18,4096.2,4029.87,4063.04,2217352,4063.04
2020-04-16,AMZN,4032.74,4032.74,3971.8,3995.97,2683687,3995.97
2020-04-17,AMZN,4079.85,4143.18,4008.01,4075.6,5018359,4075.6
2020-04-20,AMZN,4093.7,4165.85,3965.25,4065.55,2740408,4065.55
2020-04-21,AMZN,4013.78,4082.08,3974.51,4028.3,7616559,4028.3
2020-04-22,AMZN,3956.94,3998.45,3925.23,3961.84,6436646,3961.84
2020-04-23,AMZN,4046.43,4111.3,3986.35,4048.83,6818708,4048.83
2020-04-24,AMZN,4139.34,4232.48,4083.0,4157.74,4204711,4157.74
2020-04-27,AMZN,4237.94,4296.17,4200.13,4248.15,4434607,4248.15
2020-04-28,AMZN,4295.23,4369.5,4204.07,4286.78,2481367,4286.78
2020-04-29,AMZN,4316.93,4415.62,4204.41,4310.01,5957242,4310.01
2020-04-30,AMZN,4229.01,4314.25,4120.75,4217.5,4656330,4217.5
2020-05-01,AMZN,4187.22,4245.16,4154.18,4199.67,5018929,4199.67
2020-05-04,AMZN,4133.79,4196.93,4101.21,4149.07,7858683,4149.07
2020-05-05,AMZN,4024.67,4065.62,3965.79,4015.7,3139015,4015.7
2020-05-06,AMZN,4063.55,4146.38,4040.84,4093.61,3803180,4093.61
2020-05-07,AMZN,4023.45,4071.75,4015.09,4043.42,4558359,4043.42
2020-05-08,AMZN,4094.34,4215.81,4048.55,4132.18,2751428,4132.18
2020-05-11,AMZN,4163.19,4250.76,4147.4,4199.08,3710827,4199.08
2020-05-12,AMZN,4220.39,4338.02,4146.31,4242.17,4871852,4242.17
2020-05-13,AMZN,4248.81,4391.01,4189.05,4290.03,3511789,4290.03
2020-05-14,AMZN,4221.97,4266.87,4220.28,4243.58,6752346,4243.58
2020-05-15,AMZN,4402.31,4497.42,4280.0,4388.71,2185674,4388.71
2020-05-18,AMZN,4354.38,4477.29,4308.6,4392.94,6267658,4392.94
2020-05-19,AMZN,4412.13,4485.78,4349.65,4417.72,5210983,4417.72
2020-05-20,AMZN,4403.31,4423.08,4311.36,4367.22,3185989,4367.22
2020-05-21,AMZN,4320.47,4361.46,4229.42,4295.44,2763591,4295.44
2020-05-22,AMZN,4316.46,4383.12,4283.52,4333.32,1740515,4333.32
2020-05-25,AMZN,4388.1,4427.08,4275.19,4351.14,2910207,4351.14
2020-05-26,AMZN,4275.94,4319.99,4261.13,4290.56,6080974,4290.56
2020-05-27,AMZN,4145.93,4254.53,4108.82,4181.68,3911261,4181.68
2020-05-28,AMZN,4128.34,4130.9,4044.99,4087.94,6369281,4087.94
2020-05-29,AMZN,4208.62,4208.62,4155.34,4177.7,3121600,4177.7
2020-06-01,AMZN,4129.8,4198.96,4066.27,4132.61,5307584,4132.61
2020-06-02,AMZN,4121.92,4176.32,4040.18,4108.25,3002048,4108.25
2020-06-03,AMZN,4232.15,4274.78,4160.64,4217.71,2718456,4217.71
2020-06-04,AMZN,4108.89,4160.79,4107.5,4134.15,3832216,4134.15
2020-06-05,AMZN,4056.68,4174.49,3987.84,4081.17,3065797,4081.17
2020-06-08,AMZN,4023.39,4095.2,3956.48,4025.84,2157964,4025.84
2020-06-09,AMZN,4179.72,4179.72,4115.27,4145.6,3718678,4145.6
2020-06-10,AMZN,4255.73,4363.26,4232.45,4297.85,4173973,4297.85
2020-06-11,AMZN,4381.83,4422.33,4292.09,4357.21,6643492,4357.21
2020-06-12,AMZN,4380.8,4447.35,4380.8,4419.92,5818349,4419.92
2020-06-15,AMZN,4372.9,4449.78,4299.83,4374.81,6516071,4374.81
2020-06-16,AMZN,4544.22,4627.64,4435.8,4531.72,5335792,4531.72
2020-06-17,AMZN,4571.48,4645.47,4463.47,4554.47,4569206,4554.47
2020-06-18,AMZN,4584.97,4667.72,4583.91,4625.82,2446641,4625.82
2020-06-19,AMZN,4610.39,4720.63,4515.18,4617.91,4247129,4617.91
2020-06-22,AMZN,4604.25,4651.02,4542.07,4596.54,5078479,4596.54
2020-06-23,AMZN,4696.0,4850.47,4623.75,4737.11,7165440,4737.11
2020-06-24,AMZN,4749.34,4815.04,4749.34,4784.26,5263571,4784.26
2020-06-25,AMZN,4927.89,4984.14,4839.49,4911.81,6569565,4911.81
2020-06-26,AMZN,4937.5,5018.98,4851.75,4935.37,2647180,4935.37
2020-06-29,AMZN,4828.61,4909.87,4813.1,4861.49,3510390,4861.49
2020-06-30,AMZN,4815.0,4909.9,4713.32,4811.61,4749477,4811.61
2020-07-01,AMZN,4861.24,4906.0,4736.89,4821.44,6364116,4821.44
2020-07-02,AMZN,4722.08,4793.84,4722.08,4768.28,3774254,4768.28
2020-07-03,AMZN,4688.38,4755.3,4594.78,4675.04,3870237,4675.04
2020-07-06,AMZN,4737.4,4849.0,4707.28,4778.14,5265365,4778.14
2020-07-07,AMZN,4685.69,4774.61,4685.69,4732.4,2549624,4732.4
2020-07-08,AMZN,4711.92,4863.3,4626.85,4745.08,7608424,4745.08
2020-07-09,AMZN,4763.98,4880.8,4661.86,4771.33,2814092,4771.33
2020-07-10,AMZN,4750.53,4773.21,4670.74,4721.98,1856807,4721.98
2020-07-13,AMZN,4826.67,4924.52,4771.12,4847.82,4016139,4847.82
2020-07-14,AMZN,4764.15,4806.05,4698.36,4752.21,7890644,4752.21
2020-07-15,AMZN,4767.05,4873.48,4677.59,4775.54,5057516,4775.54
2020-07-16,AMZN,4772.15,4910.9,4684.39,4797.64,5401791,4797.64
2020-07-17,AMZN,4795.23,4852.23,4735.49,4793.86,4066768,4793.86
2020-07-20,AMZN,4711.99,4783.02,4585.24,4684.13,3763477,4684.13
2020-07-21,AMZN,4790.67,4830.26,4687.79,4759.02,2156163,4759.02
2020-07-22,AMZN,4857.48,4886.43,4761.67,4824.05,1620184,4824.05
2020-07-23,AMZN,4751.25,4879.93,4653.34,4766.64,4326692,4766.64
2020-07-24,AMZN,4856.98,4902.07,4755.2,4828.64,6761968,4828.64
2020-07-27,AMZN,4834.26,4932.01,4792.48,4862.25,4590311,4862.25
2020-07-28,AMZN,4775.0,4840.02,4664.67,4752.34,5133225,4752.34
2020-07-29,AMZN,4722.71,4728.59,4632.87,4680.73,7536677,4680.73
2020-07-30,AMZN,4732.05,4833.46,4723.59,4778.52,4562182,4778.52
2020-07-31,AMZN,4800.38,4919.74,4692.49,4806.12,3808488,4806.12
2020-08-03,AMZN,4772.5,4846.81,4670.07,4758.44,2883152,4758.44
2020-08-04,AMZN,4705.27,4787.27,4585.44,4686.35,8981612,4686.35
2020-08-05,AMZN,4613.87,4692.35,4595.55,4643.95,4937768,4643.95
2020-08-06,AMZN,4651.33,4680.97,4534.66,4607.81,2742455,4607.81
2020-08-07,AMZN,4549.5,4649.91,4428.15,4539.03,2503844,4539.03
2020-08-10,AMZN,4370.22,4449.8,4349.72,4399.76,6602972,4399.76
2020-08-11,AMZN,4448.75,4528.7,4448.75,4491.82,2641422,4491.82
2020-08-12,AMZN,4597.75,4641.42,4502.28,4571.85,8396609,4571.85
2020-08-13,AMZN,4431.53,4526.11,4412.09,4469.1,1328046,4469.1
2020-08-14,AMZN,4448.75,4517.63,4444.22,4480.92,7066267,4480.92
2020-08-17,AMZN,4416.17,4509.98,4309.16,4409.57,4860067,4409.57
2020-08-18,AMZN,4398.77,4498.61,4280.75,4389.68,4194323,4389.68
2020-08-19,AMZN,4379.65,4434.78,4291.91,4363.34,3728891,4363.34
2020-08-20,AMZN,4321.46,4419.44,4241.93,4330.68,8521448,4330.68
2020-08-21,AMZN,4515.11,4590.11,4390.91,4490.51,5307484,4490.51
2020-08-24,AMZN,4498.17,4540.65,4371.15,4455.9,2787131,4455.9
2020-08-25,AMZN,4372.26,4418.21,4366.53,4392.37,2011197,4392.37
2020-08-26,AMZN,4350.9,4368.63,4297.97,4333.3,4293976,4333.3
2020-08-27,AMZN,4454.16,4454.16,4387.96,4416.31,3998286,4416.31
2020-08-28,AMZN,4303.7,4310.01,4265.44,4287.72,2177869,4287.72
2020-08-31,AMZN,4245.38,4277.1,4183.02,4230.06,3912345,4230.06
2020-09-01,AMZN,4318.5,4398.28,4286.7,4342.49,3179489,4342.49
2020-09-02,AMZN,4365.49,4405.26,4319.58,4362.42,4014891,4362.42
2020-09-03,AMZN,4383.81,4405.89,4350.79,4378.34,5347685,4378.34
2020-09-04,AMZN,4568.71,4621.47,4479.52,4550.5,7266962,4550.5
2020-09-07,AMZN,4617.0,4619.43,4523.73,4571.58,5753739,4571.58
2020-09-08,AMZN,4472.41,4608.97,4420.07,4514.52,2997318,4514.52
2020-09-09,AMZN,4453.44,4515.69,4453.44,4492.5,4636039,4492.5
2020-09-10,AMZN,4365.28,4498.64,4306.25,4402.44,4102256,4402.44
2020-09-11,AMZN,4525.84,4612.47,4395.43,4503.95,2347715,4503.95
2020-09-14,AMZN,4518.52,4639.58,4463.68,4551.63,4690726,4551.63
2020-09-15,AMZN,4656.94,4736.95,4554.17,4645.56,8406147,4645.56
2020-09-16,AMZN,4732.35,4861.42,4636.59,4749.0,4052220,4749.0
2020-09-17,AMZN,4710.59,4757.9,4671.32,4714.61,2114083,4714.61
2020-09-18,AMZN,4609.62,4751.38,4520.59,4635.99,4048724,4635.99
2020-09-21,AMZN,4666.46,4727.37,4537.72,4632.54,2461594,4632.54
2020-09-22,AMZN,4569.05,4650.28,4472.11,4561.19,5650457,4561.19
2020-09-23,AMZN,4616.3,4631.54,4519.69,4575.62,4934445,4575.62
2020-09-24,AMZN,4677.66,4745.03,4596.36,4670.69,3735681,4670.69
2020-09-25,AMZN,4622.42,4741.65,4573.25,4657.45,3503731,4657.45
2020-09-28,AMZN,4640.18,4752.23,4589.62,4670.92,3674439,4670.92
2020-09-29,AMZN,4709.54,4753.0,4574.84,4663.92,4013261,4663.92
2020-09-30,AMZN,4754.03,4764.15,4701.22,4732.68,2937034,4732.68
2020-10-01,AMZN,4634.86,4733.67,4620.36,4677.02,2296056,4677.02
2020-10-02,AMZN,4514.89,4558.07,4435.05,4496.56,6307717,4496.56
2020-10-05,AMZN,4527.72,4582.01,4489.36,4535.68,3428538,4535.68
2020-10-06,AMZN,4600.12,4656.96,4578.89,4617.92,4276400,4617.92
2020-10-07,AMZN,4623.84,4692.27,4619.83,4656.05,4483514,4656.05
2020-10-08,AMZN,4634.86,4660.32,4546.82,4603.57,4549887,4603.57
2020-10-09,AMZN,4471.97,4578.4,4444.24,4511.32,2501191,4511.32
2020-10-12,AMZN,4533.37,4581.01,4524.01,4552.51,2046146,4552.51
2020-10-13,AMZN,4547.3,4674.21,4455.74,4564.98,3160775,4564.98
2020-10-14,AMZN,4524.61,4648.01,4463.01,4555.51,4685998,4555.51
2020-10-15,AMZN,4709.08,4800.67,4615.95,4708.31,2989524,4708.31
2020-10-16,AMZN,4584.41,4668.77,4584.41,4629.62,3470594,4629.62
2020-10-19,AMZN,4761.8,4862.46,4699.19,4780.83,9367191,4780.83
2020-10-20,AMZN,4825.96,4859.07,4709.85,4784.46,1911952,4784.46
2020-10-21,AMZN,4612.29,4743.96,4515.71,4629.83,2957312,4629.83
2020-10-22,AMZN,4602.91,4707.89,4523.69,4615.79,8541494,4615.79
2020-10-23,AMZN,4694.57,4774.66,4619.51,4697.09,3929274,4697.09
2020-10-26,AMZN,4672.96,4769.96,4564.45,4667.2,3015906,4667.2
2020-10-27,AMZN,4573.86,4582.62,4508.96,4545.79,6384045,4545.79
2020-10-28,AMZN,4505.12,4557.25,4505.12,4533.2,4089352,4533.2
2020-10-29,AMZN,4497.83,4548.59,4380.68,4464.63,3479786,4464.63
2020-10-30,AMZN,4528.39,4536.56,4473.8,4505.18,4319941,4505.18
2020-11-02,AMZN,4589.54,4602.59,4535.8,4569.19,3074218,4569.19
2020-11-03,AMZN,4446.93,4573.19,4394.78,4483.98,2662586,4483.98
2020-11-04,AMZN,4385.85,4474.31,4382.11,4428.21,3822312,4428.21
2020-11-05,AMZN,4498.22,4568.67,4410.88,4489.78,2669511,4489.78
2020-11-06,AMZN,4453.85,4524.97,4318.5,4421.73,4017145,4421.73
2020-11-09,AMZN,4344.58,4386.39,4288.11,4337.25,4609212,4337.25
2020-11-10,AMZN,4222.64,4286.68,4207.32,4247.0,5626674,4247.0
2020-11-11,AMZN,4239.79,4305.29,4239.79,4274.8,6280592,4274.8
2020-11-12,AMZN,4316.63,4332.18,4266.75,4299.46,3400762,4299.46
2020-11-13,AMZN,4266.49,4274.17,4221.12,4247.65,4884467,4247.65
2020-11-16,AMZN,4221.01,4277.53,4220.14,4248.84,4871021,4248.84
2020-11-17,AMZN,4326.85,4427.65,4308.49,4368.07,4560452,4368.07
2020-11-18,AMZN,4285.08,4341.97,4243.95,4292.96,3301941,4292.96
2020-11-19,AMZN,4152.4,4224.85,4066.23,4145.54,2651345,4145.54
2020-11-20,AMZN,4197.65,4274.08,4086.76,4180.42,4889524,4180.42
2020-11-23,AMZN,4198.77,4259.27,4086.55,4172.91,2020912,4172.91
2020-11-24,AMZN,4129.8,4185.03,4056.35,4120.69,3593614,4120.69
2020-11-25,AMZN,4137.67,4199.52,4137.67,4170.13,1440286,4170.13
2020-11-26,AMZN,4249.86,4315.67,4153.11,4234.39,2343705,4234.39
2020-11-27,AMZN,4109.56,4120.03,4020.26,4070.15,2816347,4070.15
2020-11-30,AMZN,4056.01,4056.01,3996.36,4023.37,6202696,4023.37
2020-12-01,AMZN,4226.73,4287.22,4103.88,4195.55,5267403,4195.55
2020-12-02,AMZN,4223.86,4290.52,4190.75,4240.63,3205026,4240.63
2020-12-03,AMZN,4314.9,4333.57,4253.16,4293.36,5355061,4293.36
2020-12-04,AMZN,4416.59,4484.16,4287.43,4385.79,5705003,4385.79
2020-12-07,AMZN,4403.62,4489.08,4286.86,4387.97,3751022,4387.97
2020-12-08,AMZN,4429.97,4504.63,4399.74,4452.18,2299158,4452.18
2020-12-09,AMZN,4551.89,4565.51,4456.38,4510.95,3680797,4510.95
2020-12-10,AMZN,4551.31,4631.38,4480.19,4555.79,3846399,4555.79
2020-12-11,AMZN,4496.77,4619.41,4441.2,4530.31,2443209,4530.31
2020-12-14,AMZN,4509.74,4573.68,4509.74,4545.22,4632575,4545.22
2020-12-15,AMZN,4511.45,4574.05,4422.31,4498.18,4473714,4498.18
2020-12-16,AMZN,4494.46,4608.32,4391.81,4500.06,4779382,4500.06
2020-12-17,AMZN,4371.49,4452.37,4362.09,4407.23,4472124,4407.23
2020-12-18,AMZN,4366.66,4446.49,4245.05,4345.77,5356075,4345.77
2020-12-21,AMZN,4350.45,4428.36,4220.75,4324.56,3723124,4324.56
2020-12-22,AMZN,4271.69,4296.67,4208.36,4252.52,4336243,4252.52
2020-12-23,AMZN,4189.73,4299.48,4130.18,4214.83,3411657,4214.83
2020-12-24,AMZN,4219.15,4244.29,4162.11,4203.2,3166081,4203.2
2020-12-25,AMZN,4193.1,4318.18,4150.9,4234.54,6831841,4234.54
2020-12-28,AMZN,4291.53,4398.58,4218.07,4308.33,1766123,4308.33
2020-12-29,AMZN,4264.66,4315.81,4230.82,4273.31,5680267,4273.31
2020-12-30,AMZN,4407.43,4462.65,4293.5,4378.07,3120764,4378.07
2020-12-31,AMZN,4443.75,4548.11,4358.91,4453.51,2963227,4453.51
2021-01-01,AMZN,4451.01,4549.66,4440.24,4494.95,4441203,4494.95
2021-01-04,AMZN,4494.93,4545.9,4470.58,4508.24,2204389,4508.24
2021-01-05,AMZN,4534.97,4566.08,4504.05,4535.07,2886039,4535.07
2021-01-06,AMZN,4675.49,4710.37,4557.39,4633.88,2848061,4633.88
2021-01-07,AMZN,4779.75,4854.33,4621.59,4737.96,3660995,4737.96
2021-01-08,AMZN,4823.12,4958.27,4749.94,4854.1,2899792,4854.1
2021-01-11,AMZN,4828.03,4925.27,4791.98,4858.63,7589318,4858.63
2021-01-12,AMZN,4875.28,4985.55,4831.11,4908.33,8207931,4908.33
2021-01-13,AMZN,5058.48,5082.69,4976.16,5029.42,1781573,5029.42
2021-01-14,AMZN,4925.07,5015.3,4925.07,4974.21,4973000,4974.21
2021-01-15,AMZN,4909.83,5019.14,4874.28,4946.71,5639298,4946.71
2021-01-18,AMZN,4952.83,5019.69,4878.45,4949.07,4970340,4949.07
2021-01-19,AMZN,5005.41,5108.47,4953.14,5030.81,3074213,5030.81
2021-01-20,AMZN,5073.62,5238.38,4992.27,5115.33,3627907,5115.33
2021-01-21,AMZN,5080.79,5182.08,5008.06,5095.07,2965318,5095.07
2021-01-22,AMZN,4937.11,5044.39,4874.62,4959.51,3381058,4959.51
2021-01-25,AMZN,4983.58,5020.14,4944.8,4982.47,2465287,4982.47
2021-01-26,AMZN,4948.69,5023.91,4779.51,4901.71,3820490,4901.71
2021-01-27,AMZN,4737.03,4870.54,4675.26,4772.9,2192787,4772.9
2021-01-28,AMZN,4654.54,4771.62,4561.22,4666.42,3692266,4666.42
2021-01-29,AMZN,4735.36,4757.17,4632.42,4694.8,2427499,4694.8
2021-02-01,AMZN,4848.41,4884.52,4739.75,4812.14,4344978,4812.14
2021-02-02,AMZN,4806.23,4890.79,4742.04,4816.41,3048124,4816.41
2021-02-03,AMZN,4854.92,4878.63,4792.73,4835.68,4493026,4835.68
2021-02-04,AMZN,4899.95,5033.51,4847.84,4940.68,6165237,4940.68
2021-02-05,AMZN,4826.55,4916.95,4695.29,4806.12,7553969,4806.12
2021-02-08,AMZN,4898.13,4898.13,4812.1,4852.24,1455126,4852.24
2021-02-09,AMZN,4855.78,4884.78,4819.51,4852.14,2865138,4852.14
2021-02-10,AMZN,4902.61,4999.66,4805.86,4902.76,3543305,4902.76
2021-02-11,AMZN,4830.79,4912.06,4810.32,4861.19,4808693,4861.19
2021-02-12,AMZN,4803.86,4874.78,4707.31,4791.04,2067112,4791.04
2021-02-15,AMZN,4812.77,4894.95,4713.21,4804.08,2700555,4804.08
2021-02-16,AMZN,4964.8,5006.38,4893.14,4949.76,4214105,4949.76
2021-02-17,AMZN,4980.35,5135.12,4920.89,5028.0,4138153,5028.0
2021-02-18,AMZN,4988.06,5062.93,4903.47,4983.2,4652206,4983.2
2021-02-19,AMZN,4874.51,4974.16,4756.39,4865.28,4776770,4865.28
2021-02-22,AMZN,4693.45,4816.74,4625.39,4721.06,4580151,4721.06
2021-02-23,AMZN,4806.94,4943.32,4726.98,4835.15,4322165,4835.15
2021-02-24,AMZN,4732.35,4779.31,4727.94,4753.63,4090185,4753.63
2021-02-25,AMZN,4746.76,4773.4,4680.09,4726.75,5218445,4726.75
2021-02-26,AMZN,4851.7,4874.34,4808.49,4841.41,1633239,4841.41
2021-03-01,AMZN,4736.2,4768.78,4638.57,4703.68,7418877,4703.68
2021-03-02,AMZN,4812.89,4942.82,4722.46,4832.64,1656159,4832.64
2021-03-03,AMZN,4851.19,4880.58,4742.48,4811.53,2597708,4811.53
2021-03-04,AMZN,4736.94,4817.65,4610.28,4713.97,3653150,4713.97
2021-03-05,AMZN,4684.05,4748.09,4639.72,4693.91,5234856,4693.91
2021-03-08,AMZN,4596.61,4688.76,4579.48,4634.12,1207059,4634.12
2021-03-09,AMZN,4649.21,4778.95,4564.88,4671.92,3955253,4671.92
2021-03-10,AMZN,4660.79,4681.02,4556.17,4618.6,5491779,4618.6
2021-03-11,AMZN,4446.29,4556.03,4370.4,4463.21,5954228,4463.21
2021-03-12,AMZN,4431.24,4489.64,4403.09,4446.37,3026365,4446.37
2021-03-15,AMZN,4312.98,4443.98,4235.87,4339.93,3546496,4339.93
2021-03-16,AMZN,4383.47,4428.58,4284.89,4356.74,3126252,4356.74
2021-03-17,AMZN,4246.29,4351.53,4179.32,4265.43,3418577,4265.43
2021-03-18,AMZN,4214.56,4257.63,4200.2,4228.92,2647362,4228.92
2021-03-19,AMZN,4236.37,4306.67,4180.61,4243.64,2802728,4243.64
2021-03-22,AMZN,4222.63,4325.57,4130.9,4228.24,4759036,4228.24
2021-03-23,AMZN,4240.6,4343.89,4152.38,4248.14,4216226,4248.14
2021-03-24,AMZN,4301.61,4326.82,4275.75,4301.28,4869196,4301.28
2021-03-25,AMZN,4239.86,4260.01,4166.69,4213.35,4357507,4213.35
2021-03-26,AMZN,4236.14,4267.63,4150.9,4209.26,5301712,4209.26
2021-03-29,AMZN,3988.81,3998.64,3931.67,3965.15,5683572,3965.15
2021-03-30,AMZN,3951.82,4061.67,3905.52,3983.59,1992933,3983.59
2021-03-31,AMZN,3986.58,3997.27,3928.39,3962.83,2842177,3962.83
2021-04-01,AMZN,3864.45,3940.49,3847.56,3894.03,3646413,3894.03
2021-04-02,AMZN,3887.56,3988.5,3845.41,3916.96,3963880,3916.96
2021-04-05,AMZN,4037.11,4059.85,3942.68,4001.27,3059520,4001.27
2021-04-06,AMZN,3993.22,4046.33,3889.43,3967.88,5760958,3967.88
2021-04-07,AMZN,3905.79,3996.22,3807.18,3901.7,8831048,3901.7
2021-04-08,AMZN,3943.4,3943.4,3885.35,3914.04,4309229,3914.04
2021-04-09,AMZN,3859.19,3895.13,3748.44,3821.79,4137247,3821.79
2021-04-12,AMZN,3785.69,3813.62,3741.05,3777.34,5618568,3777.34
2021-04-13,AMZN,3870.82,3913.42,3810.77,3862.1,1896402,3862.1
2021-04-14,AMZN,3886.83,3889.03,3845.27,3867.15,4045810,3867.15
2021-04-15,AMZN,3719.18,3768.07,3710.35,3739.21,5917468,3739.21
2021-04-16,AMZN,3596.77,3662.14,3579.62,3620.88,3092663,3620.88
2021-04-19,AMZN,3651.0,3675.15,3589.14,3632.14,2448976,3632.14
2021-04-20,AMZN,3678.21,3774.49,3604.83,3689.66,3713489,3689.66
2021-04-21,AMZN,3558.29,3655.55,3513.35,3584.45,3904072,3584.45
2021-04-22,AMZN,3600.88,3702.61,3525.92,3614.26,2781063,3614.26
2021-04-23,AMZN,3692.08,3765.42,3639.68,3702.55,9251251,3702.55
2021-04-26,AMZN,3866.9,3868.93,3793.57,3831.25,3302949,3831.25
2021-04-27,AMZN,3870.15,3899.42,3810.35,3854.88,2521441,3854.88
2021-04-28,AMZN,3893.34,3935.29,3846.6,3890.94,3852975,3890.94
2021-04-29,AMZN,3780.2,3788.26,3701.9,3745.08,5751373,3745.08
2021-04-30,AMZN,3921.43,3961.87,3818.26,3890.06,4027960,3890.06
2021-05-03,AMZN,3851.62,3910.83,3790.57,3850.7,4857538,3850.7
2021-05-04,AMZN,3817.98,3835.38,3739.12,3787.25,2822689,3787.25
2021-05-05,AMZN,3763.39,3800.7,3740.51,3770.6,7252670,3770.6
2021-05-06,AMZN,3854.44,3896.43,3854.25,3875.34,5007710,3875.34
2021-05-07,AMZN,4011.66,4071.04,3995.4,4033.22,6082251,4033.22
2021-05-10,AMZN,4056.22,4072.0,4014.19,4043.1,4629082,4043.1
2021-05-11,AMZN,4117.25,4202.43,4031.9,4117.16,5563614,4117.16
2021-05-12,AMZN,4134.24,4151.02,4091.26,4121.14,2820948,4121.14
2021-05-13,AMZN,4060.69,4124.46,3966.81,4045.63,3286194,4045.63
2021-05-14,AMZN,4115.7,4208.22,4102.57,4155.39,6854371,4155.39
2021-05-17,AMZN,4073.24,4136.47,4073.24,4109.89,7464744,4109.89
2021-05-18,AMZN,4228.63,4315.69,4136.05,4225.87,2528100,4225.87
2021-05-19,AMZN,4299.88,4398.41,4254.83,4326.62,4420216,4326.62
2021-05-20,AMZN,4387.13,4418.04,4333.02,4375.53,3366645,4375.53
2021-05-21,AMZN,4527.54,4626.37,4419.28,4522.82,3026726,4522.82
2021-05-24,AMZN,4717.22,4736.96,4681.34,4709.15,4482721,4709.15
2021-05-25,AMZN,4676.65,4737.63,4652.77,4695.2,6313432,4695.2
2021-05-26,AMZN,4641.15,4720.96,4535.46,4628.21,4792055,4628.21
2021-05-27,AMZN,4505.82,4562.21,4390.43,4476.32,3520099,4476.32
2021-05-28,AMZN,4708.2,4712.04,4611.48,4661.76,4914739,4661.76
2021-05-31,AMZN,4657.2,4657.2,4597.02,4625.88,3463584,4625.88
2021-06-01,AMZN,4727.68,4826.91,4617.6,4722.25,4716844,4722.25
2021-06-02,AMZN,4631.96,4713.08,4608.0,4660.54,6992797,4660.54
2021-06-03,AMZN,4809.68,4835.01,4749.57,4792.29,1742691,4792.29
2021-06-04,AMZN,4774.59,4805.68,4660.65,4733.16,5502460,4733.16
2021-06-07,AMZN,4606.88,4741.11,4526.07,4633.59,2161218,4633.59
2021-06-08,AMZN,4594.56,4644.2,4589.99,4617.1,6537961,4617.1
2021-06-09,AMZN,4541.86,4666.9,4481.05,4573.97,3100254,4573.97
2021-06-10,AMZN,4646.09,4700.27,4548.13,4624.2,2457699,4624.2
2021-06-11,AMZN,4612.16,4683.21,4558.37,4620.79,5282513,4620.79
2021-06-14,AMZN,4633.3,4767.11,4581.25,4674.18,4627248,4674.18
2021-06-15,AMZN,4685.5,4763.72,4537.54,4650.63,2682152,4650.63
2021-06-16,AMZN,4601.45,4640.2,4552.1,4596.15,2423213,4596.15
2021-06-17,AMZN,4533.61,4584.79,4513.16,4548.98,3711001,4548.98
2021-06-18,AMZN,4705.7,4830.21,4610.64,4720.43,2471090,4720.43
2021-06-21,AMZN,4720.6,4827.62,4653.36,4740.49,2616153,4740.49
2021-06-22,AMZN,4570.99,4638.02,4512.11,4575.06,4189337,4575.06
2021-06-23,AMZN,4518.5,4607.92,4458.64,4533.28,2718134,4533.28
2021-06-24,AMZN,4546.4,4632.48,4451.6,4542.04,4744139,4542.04
2021-06-25,AMZN,4722.02,4792.42,4600.24,4696.33,7259796,4696.33
2021-06-28,AMZN,4801.7,4896.96,4673.04,4785.0,3769235,4785.0
2021-06-29,AMZN,4687.8,4770.87,4643.43,4707.15,4213757,4707.15
2021-06-30,AMZN,4920.33,4970.95,4864.06,4917.51,8966837,4917.51
2021-07-01,AMZN,4949.11,5003.14,4828.21,4915.67,2487439,4915.67
2021-07-02,AMZN,4984.72,5095.09,4961.2,5028.14,6441673,5028.14
2021-07-05,AMZN,4884.07,5008.82,4842.41,4925.61,6138849,4925.61
2021-07-06,AMZN,4723.7,4781.63,4655.17,4718.4,5629503,4718.4
2021-07-07,AMZN,4613.95,4638.23,4564.06,4601.15,6705938,4601.15
2021-07-08,AMZN,4315.44,4402.95,4278.04,4340.49,4475080,4340.49
2021-07-09,AMZN,4531.65,4594.4,4424.67,4509.53,3168069,4509.53
2021-07-12,AMZN,4541.08,4622.85,4432.81,4527.83,6197361,4527.83
2021-07-13,AMZN,4491.64,4520.15,4387.72,4453.93,6292958,4453.93
2021-07-14,AMZN,4461.48,4528.51,4453.91,4491.21,6224044,4491.21
2021-07-15,AMZN,4530.05,4567.31,4447.47,4507.39,4071840,4507.39
2021-07-16,AMZN,4520.95,4653.4,4464.42,4558.91,3003614,4558.91
2021-07-19,AMZN,4666.21,4721.91,4598.35,4660.13,4318202,4660.13
2021-07-20,AMZN,4641.56,4724.52,4548.97,4636.75,5830987,4636.75
2021-07-21,AMZN,4554.56,4633.88,4495.62,4564.75,6025708,4564.75
2021-07-22,AMZN,4666.08,4679.67,4588.62,4634.14,3368353,4634.14
2021-07-23,AMZN,4655.83,4800.83,4604.05,4702.44,4537805,4702.44
2021-07-26,AMZN,4713.76,4743.36,4680.36,4711.86,2369746,4711.86
2021-07-27,AMZN,4873.41,4977.09,4825.18,4901.13,5931483,4901.13
2021-07-28,AMZN,4887.26,4908.21,4818.94,4863.58,2924053,4863.58
2021-07-29,AMZN,4742.59,4816.68,4742.59,4786.33,5476118,4786.33
2021-07-30,AMZN,4855.38,4896.03,4750.76,4823.4,2525837,4823.4
2021-08-02,AMZN,4798.27,4837.5,4694.6,4766.05,6042759,4766.05
2021-08-03,AMZN,4841.67,4901.7,4717.6,4809.65,4549550,4809.65
2021-08-04,AMZN,4706.03,4833.24,4644.68,4738.96,2926336,4738.96
2021-08-05,AMZN,4718.1,4797.86,4613.8,4705.83,5274252,4705.83
2021-08-06,AMZN,4822.37,4933.9,4805.43,4869.67,3158665,4869.67
2021-08-09,AMZN,4868.8,4920.41,4749.89,4835.15,5398474,4835.15
2021-08-10,AMZN,4788.28,4845.86,4688.18,4767.02,3584610,4767.02
2021-08-11,AMZN,4872.49,4934.86,4804.05,4869.45,2009479,4869.45
2021-08-12,AMZN,4801.13,4860.07,4698.11,4779.09,2700205,4779.09
2021-08-13,AMZN,4682.44,4833.78,4607.7,4720.74,3367358,4720.74
2021-08-16,AMZN,4773.62,4813.14,4728.63,4770.89,6914149,4770.89
2021-08-17,AMZN,4832.81,4965.25,4740.89,4853.07,5735940,4853.07
2021-08-18,AMZN,5008.7,5008.7,4931.68,4961.8,7658674,4961.8
2021-08-19,AMZN,4931.4,4951.11,4841.75,4896.43,7750430,4896.43
2021-08-20,AMZN,4973.27,5003.45,4896.89,4950.17,3229715,4950.17
2021-08-23,AMZN,4952.33,4995.79,4823.68,4909.74,3709509,4909.74
2021-08-24,AMZN,4842.54,4894.45,4820.38,4857.41,3393230,4857.41
2021-08-25,AMZN,5004.5,5077.13,4852.26,4964.7,3057782,4964.7
2021-08-26,AMZN,4899.57,5022.81,4810.69,4916.75,1914959,4916.75
2021-08-27,AMZN,4965.38,5031.53,4853.2,4942.36,3976473,4942.36
2021-08-30,AMZN,4980.6,5027.39,4886.92,4957.16,2391852,4957.16
2021-08-31,AMZN,4816.59,4978.51,4748.38,4863.44,3945696,4863.44
2021-09-01,AMZN,4935.93,5056.67,4842.7,4949.69,9324102,4949.69
2021-09-02,AMZN,4952.73,5075.74,4925.85,5000.8,3262704,5000.8
2021-09-03,AMZN,4874.05,4917.94,4734.19,4826.07,4324099,4826.07
2021-09-06,AMZN,4814.48,4930.4,4771.88,4851.14,5748584,4851.14
2021-09-07,AMZN,4789.11,4865.2,4704.82,4785.01,4474572,4785.01
2021-09-08,AMZN,4909.72,4938.08,4824.64,4881.36,4496449,4881.36
2021-09-09,AMZN,4728.47,4824.64,4689.14,4756.89,3460224,4756.89
2021-09-10,AMZN,4725.94,4758.38,4696.33,4727.35,3645680,4727.35
2021-09-13,AMZN,4769.38,4816.96,4701.35,4759.16,2724514,4759.16
2021-09-14,AMZN,4732.33,4854.84,4674.58,4764.71,5610906,4764.71
2021-09-15,AMZN,4858.42,4947.77,4715.24,4831.5,1993112,4831.5
2021-09-16,AMZN,4683.25,4816.2,4588.04,4702.12,5898686,4702.12
2021-09-17,AMZN,4816.95,4923.02,4766.87,4844.95,2281458,4844.95
2021-09-20,AMZN,4897.58,4975.69,4808.07,4891.88,5878709,4891.88
2021-09-21,AMZN,5005.04,5057.72,4970.34,5014.03,3472126,5014.03
2021-09-22,AMZN,5137.34,5190.83,4998.2,5094.51,2443782,5094.51
2021-09-23,AMZN,5133.13,5133.13,5061.74,5094.41,5043063,5094.41
2021-09-24,AMZN,4977.28,5032.18,4925.69,4978.93,5799672,4978.93
2021-09-27,AMZN,4915.73,5020.15,4839.07,4929.61,3357050,4929.61
2021-09-28,AMZN,5055.94,5130.5,5016.79,5073.65,5336332,5073.65
2021-09-29,AMZN,5178.56,5233.94,5171.54,5202.74,1603615,5202.74
2021-09-30,AMZN,5150.59,5257.35,5034.66,5146.01,2358570,5146.01
2021-10-01,AMZN,4922.22,4947.21,4837.56,4892.38,6707712,4892.38
2021-10-04,AMZN,4856.16,4905.13,4844.08,4874.61,3657671,4874.61
2021-10-05,AMZN,4820.28,4881.84,4818.83,4850.34,1899154,4850.34
2021-10-06,AMZN,4827.12,4877.95,4781.02,4829.49,3024506,4829.49
2021-10-07,AMZN,4834.54,4918.32,4834.54,4876.57,2764705,4876.57
2021-10-08,AMZN,4974.97,5056.53,4853.52,4955.02,3743083,4955.02
2021-10-11,AMZN,5046.94,5102.77,4987.41,5045.09,3448688,5045.09
2021-10-12,AMZN,5086.32,5193.98,4979.39,5086.68,4296784,5086.68
2021-10-13,AMZN,4905.72,4967.13,4883.62,4925.37,3890384,4925.37
2021-10-14,AMZN,4935.76,4968.88,4823.39,4896.14,6890819,4896.14
2021-10-15,AMZN,5062.62,5200.19,5008.67,5104.43,4740363,5104.43
2021-10-18,AMZN,5177.91,5232.62,5047.17,5139.89,4803587,5139.89
2021-10-19,AMZN,5162.25,5263.1,5086.92,5175.01,6374828,5175.01
2021-10-20,AMZN,5249.24,5331.99,5087.18,5209.58,3423922,5209.58
2021-10-21,AMZN,5273.69,5299.91,5199.42,5249.67,2414623,5249.67
2021-10-22,AMZN,4990.36,5105.01,4955.36,5030.18,6482346,5030.18
2021-10-25,AMZN,5042.7,5123.1,4895.87,5009.49,4223360,5009.49
2021-10-26,AMZN,5025.25,5039.85,4974.18,5007.01,4229293,5007.01
2021-10-27,AMZN,5076.88,5156.17,5076.88,5124.81,3104840,5124.81
2021-10-28,AMZN,5092.59,5179.77,5080.59,5130.18,3125368,5130.18
2021-10-29,AMZN,4994.81,5069.27,4893.33,4981.3,5612427,4981.3
2021-11-01,AMZN,5037.29,5072.16,4969.76,5020.96,5930785,5020.96
2021-11-02,AMZN,4974.18,4993.34,4906.18,4949.76,5472982,4949.76
2021-11-03,AMZN,4864.78,4912.1,4774.78,4843.44,5493024,4843.44
2021-11-04,AMZN,4787.38,4854.58,4689.73,4772.16,5022391,4772.16
2021-11-05,AMZN,4845.56,4867.95,4771.83,4819.89,4216070,4819.89
2021-11-08,AMZN,4938.68,4985.59,4876.96,4931.27,3729008,4931.27
2021-11-09,AMZN,4951.46,5061.19,4889.33,4975.26,6491047,4975.26
2021-11-10,AMZN,5074.64,5153.5,4912.77,5033.13,3444593,5033.13
2021-11-11,AMZN,5028.2,5171.03,4983.23,5077.13,4638013,5077.13
2021-11-12,AMZN,5073.77,5192.45,4982.26,5087.35,2899937,5087.35
2021-11-15,AMZN,5176.13,5216.1,5088.98,5152.54,3072755,5152.54
2021-11-16,AMZN,4926.76,4985.49,4882.42,4933.95,3639449,4933.95
2021-11-17,AMZN,4897.76,5014.4,4875.11,4944.76,2900023,4944.76
2021-11-18,AMZN,4811.4,4956.15,4750.92,4853.53,5503779,4853.53
2021-11-19,AMZN,4971.87,5027.16,4887.11,4957.13,2332826,4957.13
2021-11-22,AMZN,4990.92,5053.41,4836.48,4944.95,4161960,4944.95
2021-11-23,AMZN,4953.77,5071.24,4826.03,4948.63,4217732,4948.63
2021-11-24,AMZN,4817.93,4848.3,4786.25,4817.27,1938616,4817.27
2021-11-25,AMZN,4889.35,4936.17,4878.19,4907.18,3353098,4907.18
2021-11-26,AMZN,4939.68,5003.51,4924.17,4963.84,4430773,4963.84
2021-11-29,AMZN,4966.75,5078.42,4951.17,5014.79,4748294,5014.79
2021-11-30,AMZN,4920.42,4980.54,4905.2,4942.87,3686109,4942.87
2021-12-01,AMZN,4870.47,4984.7,4766.16,4875.43,5243816,4875.43
2021-12-02,AMZN,4866.44,4922.76,4866.44,4896.01,3828862,4896.01
2021-12-03,AMZN,4796.18,4890.82,4781.37,4836.1,4021904,4836.1
2021-12-06,AMZN,4896.25,4917.4,4832.64,4875.02,4423609,4875.02
2021-12-07,AMZN,4726.94,4800.75,4579.09,4689.92,5795572,4689.92
2021-12-08,AMZN,4690.44,4735.33,4564.31,4649.82,3052641,4649.82
2021-12-09,AMZN,4814.9,4915.2,4691.92,4803.56,3292231,4803.56
2021-12-10,AMZN,4799.31,4961.01,4724.24,4842.62,3060981,4842.62
2021-12-13,AMZN,4881.5,4930.69,4785.51,4858.1,3502283,4858.1
2021-12-14,AMZN,4996.51,5084.56,4987.0,5035.78,7076561,5035.78
2021-12-15,AMZN,4845.73,4872.2,4786.48,4829.34,5029821,4829.34
2021-12-16,AMZN,4786.47,4804.9,4714.86,4759.88,2544307,4759.88
2021-12-17,AMZN,4747.87,4817.13,4635.9,4726.52,3145948,4726.52
2021-12-20,AMZN,4844.4,4844.4,4773.12,4801.01,4643188,4801.01
2021-12-21,AMZN,4901.44,4907.6,4848.8,4878.2,2783450,4878.2
2021-12-22,AMZN,4822.22,4886.1,4721.21,4803.65,2992647,4803.65
2021-12-23,AMZN,4868.33,4978.91,4804.37,4891.64,6850202,4891.64
2021-12-24,AMZN,4898.43,4946.08,4768.26,4857.17,3129721,4857.17
2021-12-27,AMZN,4933.38,5026.96,4903.45,4965.2,5860067,4965.2
2021-12-28,AMZN,4914.15,4977.63,4771.73,4874.68,6608942,4874.68
2021-12-29,AMZN,4846.56,4941.03,4788.54,4864.79,2982940,4864.79
2021-12-30,AMZN,4787.28,4857.25,4787.28,4822.96,2801932,4822.96
2021-12-31,AMZN,4948.56,5019.4,4813.48,4916.44,3581714,4916.44
2022-01-03,AMZN,4822.84,4988.52,4754.1,4871.31,2587891,4871.31
2022-01-04,AMZN,4900.84,4900.84,4838.31,4868.5,4198418,4868.5
2022-01-05,AMZN,4890.68,4977.07,4851.01,4914.04,3684127,4914.04
2022-01-06,AMZN,5001.63,5036.65,4890.23,4963.44,4620608,4963.44
2022-01-07,AMZN,5063.58,5084.27,5004.27,5044.27,6994133,5044.27
2022-01-10,AMZN,5081.26,5177.64,4951.21,5064.43,5547172,5064.43
2022-01-11,AMZN,5013.84,5081.09,4973.68,5027.39,4864628,5027.39
2022-01-12,AMZN,4952.75,5100.01,4893.54,4996.78,1821891,4996.78
2022-01-13,AMZN,5033.04,5092.13,4907.93,5000.03,4776197,5000.03
2022-01-14,AMZN,4990.42,5108.69,4938.28,5023.49,7967298,5023.49
2022-01-17,AMZN,4998.34,5055.45,4966.83,5011.14,1199716,5011.14
2022-01-18,AMZN,5023.88,5061.01,4966.61,5013.81,5270089,5013.81
2022-01-19,AMZN,4877.92,4908.67,4850.63,4879.65,3752982,4879.65
2022-01-20,AMZN,4909.78,4988.03,4891.07,4939.55,2847314,4939.55
2022-01-21,AMZN,4920.99,5015.64,4897.59,4956.61,5510998,4956.61
2022-01-24,AMZN,5009.72,5157.11,4938.41,5047.76,7926223,5047.76
2022-01-25,AMZN,5085.38,5110.96,4986.48,5048.72,5454203,5048.72
2022-01-26,AMZN,4848.26,4992.44,4795.77,4894.11,3448080,4894.11
2022-01-27,AMZN,4909.95,4930.61,4796.48,4863.55,2742600,4863.55
2022-01-28,AMZN,4817.76,4947.31,4746.67,4846.99,4238228,4846.99
2022-01-31,AMZN,4874.87,5033.66,4792.66,4913.16,5672115,4913.16
2022-02-01,AMZN,4741.62,4780.71,4687.95,4734.33,3426273,4734.33
2022-02-02,AMZN,4698.93,4844.16,4633.31,4738.73,3561355,4738.73
2022-02-03,AMZN,4793.45,4867.06,4700.24,4783.65,12367776,4783.65
2022-02-04,AMZN,4761.07,4828.84,4627.0,4727.92,6158019,4727.92
2022-02-07,AMZN,4692.35,4820.55,4649.78,4735.17,6336622,4735.17
2022-02-08,AMZN,4710.99,4746.02,4619.78,4682.9,2230397,4682.9
2022-02-09,AMZN,4612.92,4666.88,4578.48,4622.68,3014454,4622.68
2022-02-10,AMZN,4558.42,4619.06,4558.42,4589.68,4121293,4589.68
2022-02-11,AMZN,4502.83,4603.39,4460.99,4532.19,2680060,4532.19
2022-02-14,AMZN,4627.6,4703.01,4475.33,4589.17,7587129,4589.17
2022-02-15,AMZN,4494.43,4619.22,4440.2,4529.71,7031635,4529.71
2022-02-16,AMZN,4490.22,4508.99,4406.05,4457.52,3231273,4457.52
2022-02-17,AMZN,4606.59,4701.68,4503.36,4602.52,8165041,4602.52
2022-02-18,AMZN,4640.51,4779.14,4588.23,4683.69,3993202,4683.69
2022-02-21,AMZN,4526.98,4578.37,4482.03,4530.2,11268939,4530.2
2022-02-22,AMZN,4497.48,4497.48,4445.48,4469.11,4238327,4469.11
2022-02-23,AMZN,4509.81,4522.55,4456.44,4489.5,5036802,4489.5
2022-02-24,AMZN,4515.57,4618.42,4414.75,4516.58,7002419,4516.58
2022-02-25,AMZN,4429.52,4493.42,4302.28,4397.85,6668184,4397.85
2022-02-28,AMZN,4457.27,4540.34,4442.39,4491.37,4906629,4491.37
2022-03-01,AMZN,4596.82,4608.24,4510.63,4559.44,3780431,4559.44
2022-03-02,AMZN,4631.9,4695.97,4504.08,4600.02,4913307,4600.02
2022-03-03,AMZN,4734.27,4826.63,4602.64,4714.63,2885853,4714.63
2022-03-04,AMZN,4784.29,4851.92,4656.21,4754.07,4250972,4754.07
2022-03-07,AMZN,4797.71,4875.53,4711.48,4793.51,2566572,4793.51
2022-03-08,AMZN,4948.01,4979.32,4882.15,4930.74,1961955,4930.74
2022-03-09,AMZN,5036.49,5108.44,4952.35,5030.4,4081502,5030.4
2022-03-10,AMZN,4941.38,5003.63,4907.78,4955.71,6627353,4955.71
2022-03-11,AMZN,5020.36,5119.54,4907.37,5013.45,5792802,5013.45
2022-03-14,AMZN,4930.76,5017.92,4891.68,4954.8,3871064,4954.8
2022-03-15,AMZN,4994.93,5109.3,4892.52,5000.91,8045317,5000.91
2022-03-16,AMZN,5022.82,5108.67,4981.21,5044.94,3185692,5044.94
2022-03-17,AMZN,4884.67,5027.52,4816.05,4921.79,1857369,4921.79
2022-03-18,AMZN,4894.43,4969.23,4854.62,4911.93,1671052,4911.93
2022-03-21,AMZN,4971.11,5004.5,4868.23,4936.36,2493825,4936.36
2022-03-22,AMZN,4887.02,4983.47,4813.88,4898.67,5545264,4898.67
2022-03-23,AMZN,4951.87,4958.99,4895.86,4927.43,3103012,4927.43
2022-03-24,AMZN,4967.88,5120.19,4880.53,5000.36,4809907,5000.36
2022-03-25,AMZN,4991.0,5080.89,4916.21,4998.55,7727672,4998.55
2022-03-28,AMZN,4981.08,5095.83,4943.66,5019.74,2576045,5019.74
2022-03-29,AMZN,5110.08,5259.43,5035.13,5147.28,4843774,5147.28
2022-03-30,AMZN,5204.48,5308.15,5076.42,5192.29,4962350,5192.29
2022-03-31,AMZN,5223.27,5292.57,5131.57,5212.07,2834878,5212.07
2022-04-01,AMZN,5094.55,5244.56,5003.27,5123.92,6875598,5123.92
2022-04-04,AMZN,5184.5,5219.81,5154.51,5187.16,3565169,5187.16
2022-04-05,AMZN,5256.98,5256.98,5181.14,5219.06,3430798,5219.06
2022-04-06,AMZN,5307.25,5432.54,5251.59,5342.06,9308608,5342.06
2022-04-07,AMZN,5296.16,5412.18,5282.97,5347.58,4930306,5347.58
2022-04-08,AMZN,5192.29,5250.5,5102.61,5176.55,5791611,5176.55
2022-04-11,AMZN,4976.64,5079.54,4963.42,5021.48,6877474,5021.48
2022-04-12,AMZN,5138.23,5156.02,5022.73,5089.38,3083621,5089.38
2022-04-13,AMZN,5049.4,5146.44,4930.27,5038.35,6594413,5038.35
2022-04-14,AMZN,5076.07,5164.76,4993.39,5079.08,3272442,5079.08
2022-04-15,AMZN,5083.36,5217.48,4963.5,5090.49,3216986,5090.49
2022-04-18,AMZN,5083.6,5181.44,4970.91,5076.18,3587639,5076.18
2022-04-19,AMZN,5026.84,5121.42,5015.25,5068.33,3118862,5068.33
2022-04-20,AMZN,5033.86,5042.27,4939.59,4990.93,5557547,4990.93
2022-04-21,AMZN,5002.99,5048.93,4931.98,4990.45,4451221,4990.45
2022-04-22,AMZN,4907.94,5047.15,4831.16,4939.15,3286438,4939.15
2022-04-25,AMZN,4913.23,4934.31,4879.88,4907.09,5238820,4907.09
2022-04-26,AMZN,4843.71,4926.37,4832.64,4879.5,3583075,4879.5
2022-04-27,AMZN,4813.65,4972.82,4748.28,4860.55,3508070,4860.55
2022-04-28,AMZN,4955.73,5030.8,4854.86,4942.83,4078657,4942.83
2022-04-29,AMZN,4946.87,4979.26,4885.19,4932.22,4814722,4932.22
2022-05-02,AMZN,5033.31,5072.04,4977.75,5024.9,4675019,5024.9
2022-05-03,AMZN,5134.2,5281.88,5051.93,5166.91,3459052,5166.91
2022-05-04,AMZN,5258.88,5368.07,5127.97,5248.02,5613300,5248.02
2022-05-05,AMZN,5252.74,5353.4,5246.1,5299.75,3659537,5299.75
2022-05-06,AMZN,5343.67,5403.53,5260.52,5332.02,3078063,5332.02
2022-05-09,AMZN,5422.6,5534.24,5299.25,5416.74,2223507,5416.74
2022-05-10,AMZN,5443.33,5537.29,5315.68,5426.48,5927281,5426.48
2022-05-11,AMZN,5568.25,5642.1,5407.0,5524.55,4019873,5524.55
2022-05-12,AMZN,5626.16,5672.87,5501.15,5587.01,4352033,5587.01
2022-05-13,AMZN,5605.35,5680.96,5423.0,5551.98,6077634,5551.98
2022-05-16,AMZN,5697.05,5708.3,5578.29,5643.29,3304654,5643.29
2022-05-17,AMZN,5684.45,5699.64,5607.67,5653.66,2308353,5653.66
2022-05-18,AMZN,5695.45,5752.15,5535.71,5643.93,4113221,5643.93
2022-05-19,AMZN,5637.92,5685.17,5508.45,5596.81,4524372,5596.81
2022-05-20,AMZN,5640.17,5738.65,5490.58,5614.61,3600795,5614.61
2022-05-23,AMZN,5668.75,5755.17,5668.75,5717.3,7212310,5717.3
2022-05-24,AMZN,5758.21,5937.71,5683.51,5810.61,1479682,5810.61
2022-05-25,AMZN,5888.28,5912.35,5785.24,5848.79,6260856,5848.79
2022-05-26,AMZN,5912.15,6020.39,5806.36,5913.38,5489053,5913.38
2022-05-27,AMZN,6089.51,6089.51,6016.32,6051.43,4801856,6051.43
2022-05-30,AMZN,6013.67,6140.03,5932.48,6036.26,1053305,6036.26
2022-05-31,AMZN,5905.27,6031.86,5802.91,5917.38,6684890,5917.38
2022-06-01,AMZN,6083.0,6133.72,5983.77,6058.75,2653078,6058.75
2022-06-02,AMZN,6052.23,6058.24,5946.5,6002.37,3264862,6002.37
2022-06-03,AMZN,5880.48,6022.77,5835.96,5929.36,3736156,5929.36
2022-06-06,AMZN,5783.31,5866.19,5617.41,5741.8,4707992,5741.8
2022-06-07,AMZN,5836.24,5868.8,5735.68,5802.24,5165828,5802.24
2022-06-08,AMZN,5615.61,5693.05,5579.76,5636.4,5716922,5636.4
2022-06-09,AMZN,5545.74,5620.68,5503.01,5561.84,5543553,5561.84
2022-06-10,AMZN,5571.11,5756.94,5487.27,5622.1,4425862,5622.1
2022-06-13,AMZN,5641.53,5766.12,5627.29,5696.71,4724035,5696.71
2022-06-14,AMZN,5628.74,5659.89,5602.77,5631.33,2585691,5631.33
2022-06-15,AMZN,5573.35,5734.74,5502.87,5618.8,2962056,5618.8
2022-06-16,AMZN,5498.42,5637.31,5427.25,5532.28,5722915,5532.28
2022-06-17,AMZN,5516.97,5520.45,5437.49,5478.97,5591111,5478.97
2022-06-20,AMZN,5514.14,5642.32,5370.33,5506.32,5343143,5506.32
2022-06-21,AMZN,5472.44,5551.52,5364.19,5457.85,3256091,5457.85
2022-06-22,AMZN,5400.96,5516.54,5353.33,5434.93,5757430,5434.93
2022-06-23,AMZN,5329.31,5361.46,5227.57,5294.51,2513802,5294.51
2022-06-24,AMZN,5444.38,5528.77,5280.45,5404.61,6154837,5404.61
2022-06-27,AMZN,5458.03,5509.38,5401.59,5455.48,3603645,5455.48
2022-06-28,AMZN,5580.61,5594.25,5475.63,5534.94,7845675,5534.94
2022-06-29,AMZN,5705.15,5708.28,5623.87,5666.08,2176498,5666.08
2022-06-30,AMZN,5609.42,5696.28,5470.9,5583.59,8098314,5583.59
2022-07-01,AMZN,5574.7,5642.56,5454.89,5548.72,3461522,5548.72
2022-07-04,AMZN,5321.34,5455.83,5271.52,5363.67,3436668,5363.67
2022-07-05,AMZN,5650.65,5729.86,5623.48,5676.67,4324211,5676.67
2022-07-06,AMZN,5613.42,5764.53,5560.41,5662.47,3026669,5662.47
2022-07-07,AMZN,5713.72,5887.61,5653.23,5770.42,3885931,5770.42
2022-07-08,AMZN,5605.73,5712.92,5575.68,5644.3,2977975,5644.3
2022-07-11,AMZN,5791.26,5868.38,5626.67,5747.52,3021849,5747.52
2022-07-12,AMZN,5913.15,6015.25,5872.88,5944.07,4860050,5944.07
2022-07-13,AMZN,5994.58,6058.48,5819.0,5938.74,2788958,5938.74
2022-07-14,AMZN,5844.1,5865.85,5799.65,5832.75,2941785,5832.75
2022-07-15,AMZN,5788.71,5912.54,5726.05,5819.29,2309839,5819.29
2022-07-18,AMZN,5591.39,5728.09,5455.32,5591.71,3269777,5591.71
2022-07-19,AMZN,5557.55,5726.57,5451.32,5588.95,6759407,5588.95
2022-07-20,AMZN,5728.13,5733.55,5612.88,5673.22,2851715,5673.22
2022-07-21,AMZN,5710.02,5749.05,5592.22,5670.63,2985123,5670.63
2022-07-22,AMZN,5589.3,5678.09,5589.3,5642.77,4322626,5642.77
2022-07-25,AMZN,5748.7,5825.69,5569.67,5697.68,3448625,5697.68
2022-07-26,AMZN,5786.52,5855.36,5666.73,5761.05,9752816,5761.05
2022-07-27,AMZN,5545.8,5663.55,5521.48,5592.51,3748227,5592.51
2022-07-28,AMZN,5621.63,5643.16,5561.87,5602.51,4573970,5602.51
2022-07-29,AMZN,5871.94,5994.87,5714.6,5854.74,5834577,5854.74
2022-08-01,AMZN,5684.65,5806.01,5627.59,5716.8,5789960,5716.8
2022-08-02,AMZN,5738.6,5769.94,5648.24,5709.09,4391230,5709.09
2022-08-03,AMZN,5864.43,5984.25,5842.28,5913.27,3750328,5913.27
2022-08-04,AMZN,6031.83,6095.93,5970.28,6033.11,8988138,6033.11
2022-08-05,AMZN,5920.13,6080.59,5876.88,5978.73,3843526,5978.73
2022-08-08,AMZN,6058.36,6143.73,5860.44,6002.09,3352204,6002.09
2022-08-09,AMZN,6033.19,6135.86,5870.12,6002.99,3089331,6002.99
2022-08-10,AMZN,5883.39,6007.97,5839.65,5923.81,2004857,5923.81
2022-08-11,AMZN,5898.27,6044.4,5789.62,5917.01,5556345,5917.01
2022-08-12,AMZN,5848.4,5967.64,5809.1,5888.37,1563719,5888.37
2022-08-15,AMZN,5932.92,5960.73,5842.16,5901.45,3990853,5901.45
2022-08-16,AMZN,5772.2,5967.23,5679.92,5823.58,3685293,5823.58
2022-08-17,AMZN,5731.11,5755.41,5629.29,5692.35,9799000,5692.35
2022-08-18,AMZN,5739.51,5754.47,5623.91,5689.19,1922514,5689.19
2022-08-19,AMZN,5889.4,6014.18,5723.17,5868.67,2789473,5868.67
2022-08-22,AMZN,5844.72,5923.61,5833.33,5878.47,3788066,5878.47
2022-08-23,AMZN,5828.23,5962.71,5726.46,5844.58,3696116,5844.58
2022-08-24,AMZN,5922.87,6066.1,5785.04,5925.57,3210660,5925.57
2022-08-25,AMZN,5922.19,5999.86,5819.78,5909.82,3872495,5909.82
2022-08-26,AMZN,6133.68,6143.94,6082.19,6113.06,2416860,6113.06
2022-08-29,AMZN,6120.41,6190.21,6037.35,6113.78,4614352,6113.78
2022-08-30,AMZN,6174.11,6237.3,6147.74,6192.52,1580435,6192.52
2022-08-31,AMZN,6157.9,6191.54,6028.72,6110.13,3958980,6110.13
2022-09-01,AMZN,6115.24,6295.14,6038.59,6166.87,3146062,6166.87
2022-09-02,AMZN,6194.46,6284.03,6113.26,6198.65,6006303,6198.65
2022-09-05,AMZN,6227.64,6277.98,6109.04,6193.51,8072141,6193.51
2022-09-06,AMZN,6085.06,6238.03,6039.92,6138.98,3503888,6138.98
2022-09-07,AMZN,6094.95,6170.99,5969.05,6070.02,6976760,6070.02
2022-09-08,AMZN,6141.11,6237.11,5967.08,6102.09,3524885,6102.09
2022-09-09,AMZN,6192.58,6241.66,6103.8,6172.73,2717857,6172.73
2022-09-12,AMZN,6099.77,6291.8,6027.75,6159.77,8041823,6159.77
2022-09-13,AMZN,6153.25,6293.93,6091.81,6192.87,4926382,6192.87
2022-09-14,AMZN,6170.26,6257.96,6121.66,6189.81,4007107,6189.81
2022-09-15,AMZN,6168.93,6269.58,6134.34,6201.96,5265443,6201.96
2022-09-16,AMZN,6237.98,6256.33,6105.24,6180.79,4463710,6180.79
2022-09-19,AMZN,6202.7,6291.88,6076.02,6183.95,3890768,6183.95
2022-09-20,AMZN,6466.54,6555.34,6430.47,6492.9,2353068,6492.9
2022-09-21,AMZN,6586.78,6683.52,6377.79,6530.66,3589739,6530.66
2022-09-22,AMZN,6639.99,6717.22,6499.17,6608.2,5132518,6608.2
2022-09-23,AMZN,6633.06,6817.64,6505.87,6661.76,3808311,6661.76
2022-09-26,AMZN,6615.5,6670.87,6592.25,6631.56,5738653,6631.56
2022-09-27,AMZN,6748.3,6869.58,6708.65,6789.11,4663453,6789.11
2022-09-28,AMZN,6818.53,6818.53,6718.04,6754.89,2815218,6754.89
2022-09-29,AMZN,6888.08,6957.62,6813.77,6885.7,2359914,6885.7
2022-09-30,AMZN,6899.91,6997.93,6693.44,6845.68,3756256,6845.68
2022-10-03,AMZN,6709.02,6768.25,6691.1,6729.68,3243337,6729.68
2022-10-04,AMZN,6824.25,6868.34,6682.38,6775.36,4575990,6775.36
2022-10-05,AMZN,6583.94,6692.05,6583.94,6643.22,3001281,6643.22
2022-10-06,AMZN,6773.52,6798.31,6619.36,6708.84,3127198,6708.84
2022-10-07,AMZN,6621.52,6710.42,6424.39,6567.4,6095326,6567.4
2022-10-10,AMZN,6513.16,6645.07,6416.99,6531.03,4244294,6531.03
2022-10-11,AMZN,6401.04,6491.7,6240.43,6366.06,3019839,6366.06
2022-10-12,AMZN,6733.11,6779.58,6619.04,6699.31,4028326,6699.31
2022-10-13,AMZN,6556.22,6659.39,6348.66,6504.03,6943867,6504.03
2022-10-14,AMZN,6481.32,6631.22,6381.57,6506.4,4498792,6506.4
2022-10-17,AMZN,6638.35,6732.19,6553.68,6642.93,5070678,6642.93
2022-10-18,AMZN,6818.71,6860.87,6677.71,6769.29,2960625,6769.29
2022-10-19,AMZN,6913.42,7035.81,6714.42,6875.12,6030694,6875.12
2022-10-20,AMZN,6822.69,6950.26,6724.25,6837.26,10110103,6837.26
2022-10-21,AMZN,7055.34,7140.91,6872.87,7006.89,2914526,7006.89
2022-10-24,AMZN,7059.83,7219.43,7029.34,7124.38,2493124,7124.38
2022-10-25,AMZN,7193.35,7220.77,7085.24,7153.0,4290963,7153.0
2022-10-26,AMZN,7143.26,7325.31,7045.49,7185.4,5677417,7185.4
2022-10-27,AMZN,7116.97,7270.17,7024.91,7147.54,3856416,7147.54
2022-10-28,AMZN,7031.83,7138.46,6927.1,7032.78,2624818,7032.78
2022-10-31,AMZN,7185.27,7318.23,7066.77,7192.5,3829984,7192.5
2022-11-01,AMZN,7368.83,7433.31,7298.28,7365.79,5081117,7365.79
2022-11-02,AMZN,7257.36,7402.26,7099.48,7250.87,3399001,7250.87
2022-11-03,AMZN,7207.81,7405.49,7058.88,7232.18,5099774,7232.18
2022-11-04,AMZN,7168.03,7379.55,7050.23,7214.89,6373690,7214.89
2022-11-07,AMZN,7250.73,7294.43,7129.58,7212.01,4403442,7212.01
2022-11-08,AMZN,7207.27,7316.47,7126.97,7221.72,3955532,7221.72
2022-11-09,AMZN,7348.09,7502.76,7191.71,7347.24,5573548,7347.24
2022-11-10,AMZN,7271.42,7372.99,7127.89,7250.44,2840141,7250.44
2022-11-11,AMZN,7200.68,7256.14,7028.19,7142.17,2730297,7142.17
2022-11-14,AMZN,7334.62,7476.19,7132.41,7304.3,3595436,7304.3
2022-11-15,AMZN,7179.22,7358.98,7131.19,7245.09,3285577,7245.09
2022-11-16,AMZN,7131.53,7191.93,6975.19,7083.56,2900715,7083.56
2022-11-17,AMZN,7092.03,7092.03,6982.28,7023.3,8318498,7023.3
2022-11-18,AMZN,6979.16,7027.62,6938.4,6983.01,9536167,6983.01
2022-11-21,AMZN,7250.03,7250.03,7145.59,7182.57,3472283,7182.57
2022-11-22,AMZN,7311.42,7474.45,7134.57,7304.51,4149475,7304.51
2022-11-23,AMZN,7452.33,7556.57,7360.15,7458.36,3710465,7458.36
2022-11-24,AMZN,7545.15,7679.48,7461.88,7570.68,6229487,7570.68
2022-11-25,AMZN,7726.45,7870.92,7533.44,7702.18,6743321,7702.18
2022-11-28,AMZN,7567.69,7739.56,7478.05,7608.8,1964796,7608.8
2022-11-29,AMZN,7523.16,7713.43,7452.72,7583.08,4838954,7583.08
2022-11-30,AMZN,7380.11,7531.99,7369.11,7450.55,2371602,7450.55
2022-12-01,AMZN,7392.95,7584.71,7262.84,7423.77,8081707,7423.77
2022-12-02,AMZN,7501.5,7579.69,7454.65,7517.17,4770225,7517.17
2022-12-05,AMZN,7544.67,7582.51,7491.12,7536.82,2877594,7536.82
2022-12-06,AMZN,7686.31,7786.47,7650.14,7718.3,3631935,7718.3
2022-12-07,AMZN,7635.98,7641.08,7484.46,7562.77,3563358,7562.77
2022-12-08,AMZN,7600.82,7713.87,7551.35,7632.61,4934935,7632.61
2022-12-09,AMZN,7455.61,7601.84,7327.0,7464.42,6068184,7464.42
2022-12-12,AMZN,7419.15,7548.46,7408.52,7478.49,2526945,7478.49
2022-12-13,AMZN,7543.95,7720.73,7439.76,7580.24,8346115,7580.24
2022-12-14,AMZN,7484.23,7603.98,7484.23,7552.45,7603209,7552.45
2022-12-15,AMZN,7638.26,7689.79,7568.57,7629.18,2818387,7629.18
2022-12-16,AMZN,7537.59,7613.75,7386.1,7499.93,4118195,7499.93
2022-12-19,AMZN,7235.72,7450.66,7109.4,7280.03,7929720,7280.03
2022-12-20,AMZN,7335.34,7517.98,7191.56,7354.77,6549978,7354.77
2022-12-21,AMZN,7517.36,7775.77,7405.72,7590.74,3495922,7590.74
2022-12-22,AMZN,7507.9,7591.57,7322.96,7457.27,5540198,7457.27
2022-12-23,AMZN,7667.26,7765.75,7483.39,7624.57,13265592,7624.57
2022-12-26,AMZN,7565.3,7765.53,7498.41,7631.97,4171844,7631.97
2022-12-27,AMZN,7431.93,7582.15,7321.98,7452.07,3105687,7452.07
2022-12-28,AMZN,7369.7,7369.7,7245.19,7303.2,4285607,7303.2
2022-12-29,AMZN,7290.87,7422.64,7190.66,7306.65,4414591,7306.65
2022-12-30,AMZN,7258.81,7347.3,7162.72,7255.01,3242937,7255.01
2023-01-02,AMZN,7066.38,7185.06,6988.74,7086.9,4772853,7086.9
2023-01-03,AMZN,6888.57,6981.73,6768.98,6875.35,2421855,6875.35
2023-01-04,AMZN,6837.4,6837.4,6721.38,6772.63,3065101,6772.63
2023-01-05,AMZN,6865.22,6880.44,6714.72,6797.58,5417271,6797.58
2023-01-06,AMZN,6835.42,6840.69,6755.46,6798.07,1982474,6798.07
2023-01-09,AMZN,6725.39,6904.0,6572.57,6738.28,5740586,6738.28
2023-01-10,AMZN,6763.33,6813.94,6714.23,6764.09,1788722,6764.09
2023-01-11,AMZN,6873.45,6963.31,6823.09,6893.2,2001235,6893.2
2023-01-12,AMZN,7011.01,7102.08,6785.09,6943.58,3276261,6943.58
2023-01-13,AMZN,6958.53,7031.29,6828.19,6929.74,4486351,6929.74
2023-01-16,AMZN,7040.6,7102.16,6993.44,7047.8,6796445,7047.8
2023-01-17,AMZN,6860.78,7016.27,6840.5,6928.38,4093267,6928.38
2023-01-18,AMZN,6904.51,6952.19,6851.18,6901.69,3624342,6901.69
2023-01-19,AMZN,6944.61,6944.61,6816.11,6878.04,5043634,6878.04
2023-01-20,AMZN,6730.96,6768.5,6687.22,6727.86,2823380,6727.86
2023-01-23,AMZN,6636.04,6770.38,6586.53,6678.46,4229401,6678.46
2023-01-24,AMZN,6373.33,6570.82,6298.85,6434.83,2475681,6434.83
2023-01-25,AMZN,6642.07,6772.8,6550.05,6661.42,4134351,6661.42
2023-01-26,AMZN,6605.99,6663.4,6438.99,6551.2,3797564,6551.2
2023-01-27,AMZN,6809.15,6809.15,6681.44,6742.2,2899641,6742.2
2023-01-30,AMZN,6808.2,6828.24,6667.94,6748.09,4272976,6748.09
2023-01-31,AMZN,6849.62,6967.69,6668.98,6818.33,4261896,6818.33
2023-02-01,AMZN,6767.74,6805.55,6714.2,6759.88,6401139,6759.88
2023-02-02,AMZN,6798.81,6936.88,6636.12,6786.5,2104422,6786.5
2023-02-03,AMZN,6873.07,6968.49,6766.94,6867.72,3880153,6867.72
2023-02-06,AMZN,6980.46,7102.82,6800.52,6951.67,2951133,6951.67
2023-02-07,AMZN,7039.18,7130.72,6970.53,7050.62,5664389,7050.62
2023-02-08,AMZN,7029.05,7087.85,6922.85,7005.35,5407891,7005.35
2023-02-09,AMZN,6893.78,7085.49,6807.19,6946.34,4901034,6946.34
2023-02-10,AMZN,6719.48,6890.87,6611.37,6751.12,3018503,6751.12
2023-02-13,AMZN,6862.09,6881.67,6750.89,6816.28,5700093,6816.28
2023-02-14,AMZN,7007.83,7121.71,6781.67,6951.69,2168947,6951.69
2023-02-15,AMZN,7163.8,7206.1,7110.33,7158.21,1998046,7158.21
2023-02-16,AMZN,7131.56,7244.86,7131.56,7199.0,2401145,7199.0
2023-02-17,AMZN,7162.34,7221.78,6981.6,7101.69,3946797,7101.69
2023-02-20,AMZN,6917.17,7023.36,6755.3,6889.33,5240202,6889.33
2023-02-21,AMZN,7008.97,7191.07,6851.01,7021.04,1216382,7021.04
2023-02-22,AMZN,6812.32,6888.0,6709.88,6798.94,6789596,6798.94
2023-02-23,AMZN,6749.16,6795.86,6721.44,6758.65,4215377,6758.65
2023-02-24,AMZN,6728.02,6847.53,6617.84,6732.68,2136535,6732.68
2023-02-27,AMZN,6777.57,6798.13,6652.94,6725.54,4164820,6725.54
2023-02-28,AMZN,6685.51,6823.08,6639.2,6731.14,6192287,6731.14
2023-03-01,AMZN,6695.67,6848.85,6649.48,6749.17,5083859,6749.17
2023-03-02,AMZN,6398.96,6503.89,6398.96,6463.24,6208526,6463.24
2023-03-03,AMZN,6442.1,6561.34,6370.98,6466.16,2315893,6466.16
2023-03-06,AMZN,6169.15,6297.0,6128.92,6212.96,3389533,6212.96
2023-03-07,AMZN,6261.31,6417.79,6175.36,6296.57,2763277,6296.57
2023-03-08,AMZN,6174.19,6346.84,6123.45,6235.14,7951228,6235.14
2023-03-09,AMZN,5966.09,6051.04,5946.6,5998.82,5165694,5998.82
2023-03-10,AMZN,5892.87,5966.6,5858.72,5912.66,12492121,5912.66
2023-03-13,AMZN,5798.56,5912.05,5794.74,5853.39,3317629,5853.39
2023-03-14,AMZN,5994.23,6032.64,5930.01,5981.33,2993444,5981.33
2023-03-15,AMZN,6011.92,6112.6,5894.73,6003.66,3777882,6003.66
2023-03-16,AMZN,5993.44,6192.52,5891.76,6042.14,6942328,6042.14
2023-03-17,AMZN,6184.87,6284.52,6061.76,6173.14,3455083,6173.14
2023-03-20,AMZN,6225.1,6269.23,6058.02,6163.63,4204138,6163.63
2023-03-21,AMZN,6304.6,6331.52,6166.57,6249.05,4157735,6249.05
2023-03-22,AMZN,6264.69,6398.83,6256.44,6327.63,4063696,6327.63
2023-03-23,AMZN,6220.49,6327.55,6040.35,6183.95,3081248,6183.95
2023-03-24,AMZN,6332.7,6506.14,6196.45,6351.3,3786257,6351.3
2023-03-27,AMZN,6138.11,6284.63,6099.66,6192.15,3721970,6192.15
2023-03-28,AMZN,6270.74,6364.46,6228.4,6296.43,3987914,6296.43
2023-03-29,AMZN,6106.12,6252.99,6002.94,6127.97,5833989,6127.97
2023-03-30,AMZN,6198.69,6243.2,6148.42,6195.81,8089327,6195.81
2023-03-31,AMZN,6428.83,6538.35,6278.02,6408.18,2857995,6408.18
2023-04-03,AMZN,6416.67,6521.37,6248.36,6384.87,3419508,6384.87
2023-04-04,AMZN,6324.36,6404.33,6309.0,6356.67,2875681,6356.67
2023-04-05,AMZN,6405.19,6585.83,6270.38,6428.11,4310849,6428.11
2023-04-06,AMZN,6366.81,6549.24,6233.38,6391.31,3225069,6391.31
2023-04-07,AMZN,6587.06,6761.96,6448.42,6605.19,4402678,6605.19
2023-04-10,AMZN,6695.57,6728.24,6530.41,6629.33,6219845,6629.33
2023-04-11,AMZN,6629.12,6657.88,6527.06,6592.47,1456391,6592.47
2023-04-12,AMZN,6591.93,6638.55,6421.24,6529.9,4869573,6529.9
2023-04-13,AMZN,6447.17,6508.41,6336.31,6422.36,3327494,6422.36
2023-04-14,AMZN,6339.49,6409.31,6293.48,6351.39,4808875,6351.39
2023-04-17,AMZN,6298.7,6397.67,6227.56,6312.62,2794649,6312.62
2023-04-18,AMZN,6257.2,6373.02,6144.23,6258.63,6454636,6258.63
2023-04-19,AMZN,6175.79,6225.78,6146.38,6186.08,5763855,6186.08
2023-04-20,AMZN,6467.66,6500.44,6350.49,6425.46,5021030,6425.46
2023-04-21,AMZN,6304.19,6342.4,6274.82,6308.61,5493604,6308.61
2023-04-24,AMZN,6300.61,6452.94,6200.0,6326.47,2968468,6326.47
2023-04-25,AMZN,6430.66,6509.44,6281.58,6395.51,3121909,6395.51
2023-04-26,AMZN,6515.53,6515.53,6429.22,6469.67,5404699,6469.67
2023-04-27,AMZN,6453.78,6621.11,6307.02,6464.07,2942332,6464.07
2023-04-28,AMZN,6458.94,6472.43,6402.23,6437.33,7131691,6437.33
2023-05-01,AMZN,6433.81,6600.13,6382.04,6491.09,3514361,6491.09
2023-05-02,AMZN,6527.37,6657.44,6389.62,6523.53,4889314,6523.53
2023-05-03,AMZN,6435.31,6629.22,6359.6,6494.41,9262686,6494.41
2023-05-04,AMZN,6256.09,6351.47,6256.09,6315.56,3015618,6315.56
2023-05-05,AMZN,6277.91,6408.64,6118.9,6263.77,4111545,6263.77
2023-05-08,AMZN,6112.84,6280.39,5993.56,6136.97,6098041,6136.97
2023-05-09,AMZN,6094.28,6163.28,5966.44,6064.86,5852127,6064.86
2023-05-10,AMZN,6117.71,6158.5,5980.76,6069.63,3508428,6069.63
2023-05-11,AMZN,6066.03,6146.13,6066.03,6110.09,3253079,6110.09
2023-05-12,AMZN,6338.61,6412.74,6207.8,6310.27,3643846,6310.27
2023-05-15,AMZN,6252.51,6333.13,6168.27,6250.7,7138034,6250.7
2023-05-16,AMZN,6290.47,6469.34,6209.97,6339.65,3577456,6339.65
2023-05-17,AMZN,6395.19,6459.25,6292.48,6375.86,4126958,6375.86
2023-05-18,AMZN,6541.87,6649.46,6405.69,6527.58,3372248,6527.58
2023-05-19,AMZN,6598.94,6643.24,6550.51,6596.87,5304278,6596.87
2023-05-22,AMZN,6534.69,6534.69,6429.79,6479.42,4256743,6479.42
2023-05-23,AMZN,6285.38,6331.7,6233.76,6282.73,2677599,6282.73
2023-05-24,AMZN,6381.21,6381.21,6281.86,6319.21,2714926,6319.21
2023-05-25,AMZN,6261.72,6359.65,6161.48,6260.57,1798318,6260.57
2023-05-26,AMZN,6104.95,6280.68,6023.77,6152.22,2868432,6152.22
2023-05-29,AMZN,6011.02,6118.07,5911.07,6014.57,5495187,6014.57
2023-05-30,AMZN,5994.82,6132.7,5933.61,6033.16,6792360,6033.16
2023-05-31,AMZN,6212.34,6315.7,6084.89,6200.3,5262034,6200.3
2023-06-01,AMZN,6179.79,6228.61,6083.41,6156.01,4993550,6156.01
2023-06-02,AMZN,6219.01,6299.1,6146.77,6222.94,3802595,6222.94
2023-06-05,AMZN,6162.67,6282.77,6142.55,6212.66,5453514,6212.66
2023-06-06,AMZN,6067.46,6188.1,5954.45,6071.27,4485301,6071.27
2023-06-07,AMZN,6101.76,6203.92,6101.76,6153.26,8232370,6153.26
2023-06-08,AMZN,6056.32,6066.08,6002.59,6034.34,3845548,6034.34
2023-06-09,AMZN,6072.89,6140.01,5935.64,6037.82,6844857,6037.82
2023-06-12,AMZN,6057.45,6145.08,5858.82,6001.95,5674259,6001.95
2023-06-13,AMZN,6057.51,6205.21,5995.5,6100.36,5368087,6100.36
2023-06-14,AMZN,5990.27,6110.06,5862.72,5986.39,1789073,5986.39
2023-06-15,AMZN,6037.94,6141.08,5918.51,6029.79,5800651,6029.79
2023-06-16,AMZN,5990.64,6029.25,5851.64,5940.45,3801102,5940.45
2023-06-19,AMZN,5902.14,6001.17,5773.13,5887.15,3349207,5887.15
2023-06-20,AMZN,5476.2,5633.78,5396.82,5515.3,2210301,5515.3
2023-06-21,AMZN,5720.74,5782.42,5673.65,5728.03,3991070,5728.03
2023-06-22,AMZN,5804.08,5854.0,5718.34,5786.17,4054044,5786.17
2023-06-23,AMZN,5730.74,5761.95,5653.79,5707.87,2375228,5707.87
2023-06-26,AMZN,5635.16,5673.1,5515.97,5594.54,2218835,5594.54
2023-06-27,AMZN,5510.45,5671.79,5419.99,5545.89,4859532,5545.89
2023-06-28,AMZN,5669.71,5685.86,5552.08,5618.97,5668794,5618.97
2023-06-29,AMZN,5383.95,5499.69,5364.01,5431.85,4316338,5431.85
2023-06-30,AMZN,5471.47,5539.38,5298.7,5419.04,6338411,5419.04
2023-07-03,AMZN,5635.62,5681.24,5509.93,5595.59,3864144,5595.59
2023-07-04,AMZN,5501.14,5569.7,5397.42,5483.56,3913976,5483.56
2023-07-05,AMZN,5518.35,5614.56,5370.51,5492.54,2771761,5492.54
2023-07-06,AMZN,5666.97,5800.47,5631.16,5715.82,2142980,5715.82
2023-07-07,AMZN,5729.29,5890.05,5674.58,5782.32,8399391,5782.32
2023-07-10,AMZN,5750.36,5835.44,5750.36,5796.53,6289074,5796.53
2023-07-11,AMZN,5802.44,5900.89,5800.57,5850.73,2291689,5850.73
2023-07-12,AMZN,5815.26,5885.79,5733.72,5809.76,4257129,5809.76
2023-07-13,AMZN,5914.53,6037.0,5859.78,5948.39,3843086,5948.39
2023-07-14,AMZN,5949.45,6050.52,5763.27,5906.89,3584780,5906.89
2023-07-17,AMZN,5697.1,5842.52,5564.05,5703.29,3396302,5703.29
2023-07-18,AMZN,5686.47,5789.07,5539.57,5664.32,4659005,5664.32
2023-07-19,AMZN,5584.68,5630.64,5504.68,5567.66,5548705,5567.66
2023-07-20,AMZN,5520.63,5675.12,5406.06,5540.59,4698535,5540.59
2023-07-21,AMZN,5487.51,5619.47,5412.22,5515.85,3811744,5515.85
2023-07-24,AMZN,5619.32,5709.57,5564.6,5637.08,3756184,5637.08
2023-07-25,AMZN,5743.02,5817.81,5600.48,5709.15,5818369,5709.15
2023-07-26,AMZN,5747.25,5767.93,5706.76,5737.35,4814693,5737.35
2023-07-27,AMZN,5709.84,5783.59,5692.66,5738.12,4118010,5738.12
2023-07-28,AMZN,5666.65,5752.44,5509.26,5630.85,3942968,5630.85
2023-07-31,AMZN,5366.86,5512.07,5318.09,5415.08,4592399,5415.08
2023-08-01,AMZN,5448.76,5493.81,5360.47,5427.14,3316648,5427.14
2023-08-02,AMZN,5499.65,5589.03,5423.69,5506.36,5556174,5506.36
2023-08-03,AMZN,5522.09,5623.65,5369.68,5496.67,2601142,5496.67
2023-08-04,AMZN,5491.58,5541.03,5349.02,5445.02,3392990,5445.02
2023-08-07,AMZN,5519.24,5562.96,5420.58,5491.77,5107636,5491.77
2023-08-08,AMZN,5478.21,5525.2,5443.95,5484.57,2542483,5484.57
2023-08-09,AMZN,5615.14,5716.1,5593.11,5654.61,2132064,5654.61
2023-08-10,AMZN,5818.0,5924.63,5640.51,5782.57,4102208,5782.57
2023-08-11,AMZN,5879.79,5965.31,5803.52,5884.41,2029340,5884.41
2023-08-14,AMZN,5915.67,6052.48,5880.21,5966.34,2379220,5966.34
2023-08-15,AMZN,5856.02,5917.77,5743.19,5830.48,5413695,5830.48
2023-08-16,AMZN,5877.02,6035.45,5767.73,5901.59,3685404,5901.59
2023-08-17,AMZN,5889.2,6044.31,5841.32,5942.82,6689165,5942.82
2023-08-18,AMZN,6057.57,6122.58,5895.76,6009.17,2470371,6009.17
2023-08-21,AMZN,6061.78,6141.38,5986.28,6063.83,3852465,6063.83
2023-08-22,AMZN,6087.81,6148.73,6080.47,6114.6,4693263,6114.6
2023-08-23,AMZN,6448.2,6572.06,6268.77,6420.42,2504498,6420.42
2023-08-24,AMZN,6462.32,6566.62,6259.03,6412.82,6043595,6412.82
2023-08-25,AMZN,6457.86,6679.49,6366.6,6523.05,4906524,6523.05
2023-08-28,AMZN,6493.5,6623.64,6314.75,6469.2,2101349,6469.2
2023-08-29,AMZN,6598.2,6702.98,6423.33,6563.15,3940066,6563.15
2023-08-30,AMZN,6637.59,6801.11,6551.53,6676.32,4667749,6676.32
2023-08-31,AMZN,6720.13,6868.66,6574.39,6721.52,3159051,6721.52
2023-09-01,AMZN,6870.94,7045.7,6810.0,6927.85,2212998,6927.85
2023-09-04,AMZN,6853.39,6872.16,6767.31,6819.73,4471294,6819.73
2023-09-05,AMZN,6808.44,6848.17,6674.74,6761.46,9687065,6761.46
2023-09-06,AMZN,6735.43,6954.45,6622.81,6788.63,3426367,6788.63
2023-09-07,AMZN,6942.08,6981.35,6815.48,6898.41,7493161,6898.41
2023-09-08,AMZN,6959.63,7076.79,6767.28,6922.03,2960561,6922.03
2023-09-11,AMZN,7063.74,7134.07,7036.8,7085.43,4360176,7085.43
2023-09-12,AMZN,7029.51,7084.68,6921.04,7002.86,5446119,7002.86
2023-09-13,AMZN,6793.23,6944.32,6779.37,6861.84,3986560,6861.84
2023-09-14,AMZN,6960.9,6960.9,6859.68,6901.31,3550896,6901.31
2023-09-15,AMZN,6899.97,6943.9,6842.14,6893.02,5348121,6893.02
2023-09-18,AMZN,6978.77,7023.72,6900.31,6962.01,8523920,6962.01
2023-09-19,AMZN,6982.81,7111.31,6808.47,6959.89,4511046,6959.89
2023-09-20,AMZN,6927.22,6962.09,6875.36,6918.72,3253952,6918.72
2023-09-21,AMZN,6960.01,6986.53,6834.86,6910.7,3707633,6910.7
2023-09-22,AMZN,6930.76,6951.57,6879.6,6915.59,10959179,6915.59
2023-09-25,AMZN,6935.12,7009.12,6748.92,6879.02,4221781,6879.02
2023-09-26,AMZN,6866.49,6974.52,6735.88,6855.2,3153550,6855.2
2023-09-27,AMZN,6762.09,6928.7,6685.02,6806.86,2530121,6806.86
2023-09-28,AMZN,6971.12,7000.27,6827.6,6913.93,1926941,6913.93
2023-09-29,AMZN,6964.64,7003.03,6875.83,6939.43,4626164,6939.43
2023-10-02,AMZN,7257.28,7368.76,7088.2,7228.48,5197361,7228.48
2023-10-03,AMZN,7321.19,7404.66,7096.9,7250.78,3413082,7250.78
2023-10-04,AMZN,7119.59,7236.4,7119.59,7180.59,3976118,7180.59
2023-10-05,AMZN,7524.87,7646.68,7424.58,7535.63,2504551,7535.63
2023-10-06,AMZN,7553.75,7669.11,7517.63,7593.37,4218441,7593.37
2023-10-09,AMZN,7751.53,7796.02,7666.72,7731.37,4849581,7731.37
2023-10-10,AMZN,7863.64,7969.54,7661.81,7815.68,3229181,7815.68
2023-10-11,AMZN,7979.03,8029.91,7780.7,7905.3,7865416,7905.3
2023-10-12,AMZN,7976.14,8057.83,7908.96,7983.39,2861802,7983.39
2023-10-13,AMZN,7872.87,7915.73,7740.38,7828.05,4480277,7828.05
2023-10-16,AMZN,7947.23,8073.28,7689.71,7881.49,5616008,7881.49
2023-10-17,AMZN,7725.43,7866.35,7528.08,7697.21,3878228,7697.21
2023-10-18,AMZN,7635.05,7847.97,7501.1,7674.53,3709524,7674.53
2023-10-19,AMZN,7592.71,7683.96,7468.79,7576.37,2258606,7576.37
2023-10-20,AMZN,7698.4,7760.0,7493.43,7626.71,6884213,7626.71
2023-10-23,AMZN,7748.99,7770.36,7577.96,7674.16,3737201,7674.16
2023-10-24,AMZN,7764.41,7793.11,7691.62,7742.37,4959180,7742.37
2023-10-25,AMZN,7844.22,7885.33,7682.62,7783.97,5235082,7783.97
2023-10-26,AMZN,7654.71,7830.85,7570.87,7700.86,3111095,7700.86
2023-10-27,AMZN,7627.28,7748.57,7583.85,7666.21,3696117,7666.21
2023-10-30,AMZN,7866.35,7966.93,7624.55,7795.74,6821553,7795.74
2023-10-31,AMZN,7890.54,8012.29,7884.76,7948.53,2558485,7948.53
2023-11-01,AMZN,7739.49,7883.72,7691.48,7787.6,9369517,7787.6
2023-11-02,AMZN,7565.31,7634.17,7520.54,7577.35,2969356,7577.35
2023-11-03,AMZN,7493.67,7578.23,7382.3,7480.26,2495495,7480.26
2023-11-06,AMZN,7639.59,7667.93,7579.59,7623.76,4217396,7623.76
2023-11-07,AMZN,7761.35,7875.23,7712.32,7793.78,9675855,7793.78
2023-11-08,AMZN,7731.06,7766.34,7566.79,7666.57,1862478,7666.57
2023-11-09,AMZN,7774.55,7822.83,7598.25,7710.54,3780620,7710.54
2023-11-10,AMZN,7953.68,8097.42,7844.36,7970.89,4839446,7970.89
2023-11-13,AMZN,8021.65,8116.55,7947.87,8032.21,4054203,8032.21
2023-11-14,AMZN,8275.31,8369.36,8114.51,8241.93,4660221,8241.93
2023-11-15,AMZN,8420.38,8520.42,8265.61,8393.02,3001406,8393.02
2023-11-16,AMZN,8238.74,8351.69,8164.67,8258.18,3146861,8258.18
2023-11-17,AMZN,8217.42,8409.37,8053.7,8231.54,3769435,8231.54
2023-11-20,AMZN,8213.2,8369.33,8107.14,8238.24,2545530,8238.24
2023-11-21,AMZN,8211.55,8351.38,8159.11,8255.24,3929136,8255.24
2023-11-22,AMZN,8387.08,8595.12,8193.1,8394.11,3423954,8394.11
2023-11-23,AMZN,8489.22,8642.92,8272.44,8457.68,3314398,8457.68
2023-11-24,AMZN,8062.62,8221.59,7825.99,8023.79,4547133,8023.79
2023-11-27,AMZN,7881.59,7985.58,7690.18,7837.88,1930985,7837.88
2023-11-28,AMZN,7517.81,7631.39,7442.0,7536.69,3649748,7536.69
2023-11-29,AMZN,7601.96,7642.23,7481.65,7561.94,10107076,7561.94
2023-11-30,AMZN,7521.2,7734.93,7457.42,7596.17,2590498,7596.17
2023-12-01,AMZN,7632.93,7824.41,7448.45,7636.43,6689201,7636.43
2023-12-04,AMZN,7551.29,7638.8,7375.53,7507.17,4088412,7507.17
2023-12-05,AMZN,7620.01,7772.26,7428.23,7600.25,3142790,7600.25
2023-12-06,AMZN,7696.32,7789.5,7611.13,7700.32,2358528,7700.32
2023-12-07,AMZN,7551.49,7628.64,7430.78,7529.71,4229852,7529.71
2023-12-08,AMZN,7394.69,7504.61,7165.36,7334.99,7153868,7334.99
2023-12-11,AMZN,7346.09,7484.09,7188.62,7336.35,3423316,7336.35
2023-12-12,AMZN,7623.68,7764.88,7391.61,7578.24,3872536,7578.24
2023-12-13,AMZN,7890.3,7975.33,7654.98,7815.16,5992104,7815.16
2023-12-14,AMZN,7928.76,8006.61,7785.99,7896.3,4584324,7896.3
2023-12-15,AMZN,7806.12,7916.45,7672.92,7794.69,2132689,7794.69
2023-12-18,AMZN,7848.33,8103.88,7739.32,7921.6,4161390,7921.6
2023-12-19,AMZN,7839.1,7984.83,7732.83,7858.83,7324232,7858.83
2023-12-20,AMZN,7762.61,7830.83,7674.1,7752.46,3941328,7752.46
2023-12-21,AMZN,7504.73,7562.69,7358.09,7460.39,1336024,7460.39
2023-12-22,AMZN,7466.3,7590.13,7360.98,7475.55,4671967,7475.55
2023-12-25,AMZN,7460.69,7460.69,7341.4,7392.67,3694745,7392.67
2023-12-26,AMZN,7373.1,7554.12,7259.69,7406.9,1924481,7406.9
2023-12-27,AMZN,7142.7,7159.02,7056.85,7107.94,2043391,7107.94
2023-12-28,AMZN,7119.49,7224.44,7037.63,7131.04,5908176,7131.04
2023-12-29,AMZN,6825.08,6970.99,6683.0,6826.99,2984228,6826.99
2024-01-01,AMZN,7005.44,7063.25,6863.38,6963.31,2782349,6963.31
