Customer_ID,Signup_Date,Age,Gender,Annual_Income,Spending_Score,Membership_Type,Preferred_Category,Total_Purchases,Total_Spent,Last_Active_Days,Satisfaction_Score,Churn
CUST1001,2024-04-12,63.0,Female,58957,56,Silver,Clothing,15,999.26,148,4.0,0
CUST1002,2025-03-11,27.0,Male,65435,63,Silver,Clothing,13,833.9,168,4.0,1
CUST1003,2024-09-27,32.0,Male,32635,3,Bronze,Electronics,2,86.96,30,3.0,0
CUST1004,2024-04-16,36.0,Female,64841,49,Gold,Home & Kitchen,13,829.56,154,4.0,1
CUST1005,2024-03-12,40.0,Female,56066,55,Silver,Sports & Outdoors,9,575.31,164,4.0,0
CUST1006,2025-12-01,42.0,Female,41657,26,Bronze,Beauty,3,150.09,136,5.0,1
CUST1007,2024-01-21,43.0,Female,33928,99,Gold,Electronics,15,673.8,82,2.0,1
CUST1008,2025-09-06,33.0,Male,68664,72,Gold,Clothing,17,1149.63,169,3.0,1
CUST1009,2024-05-01,43.0,Female,84602,52,Gold,Sports & Outdoors,7,571.45,163,4.0,1
CUST1010,2025-04-11,32.0,Male,57877,100,Premium,Clothing,16,1051.84,9,3.0,0
CUST1011,2024-08-02,41.0,Female,30359,7,Bronze,Home & Kitchen,3,113.36,39,3.0,0
CUST1012,2024-11-26,40.0,Female,35302,46,Silver,Sports & Outdoors,10,451.63,53,3.0,0
CUST1013,2025-04-03,44.0,Female,45332,46,Silver,Beauty,7,385.29,166,4.0,1
CUST1014,2024-03-28,42.0,Non-Binary,100759,100,Premium,Clothing,10,978.54,134,5.0,1
CUST1015,2025-01-07,29.0,Male,48822,16,Silver,Clothing,7,430.22,3,3.0,0
CUST1016,2024-04-09,-5.0,Female,44676,24,Silver,Clothing,5,256.51,142,2.0,1
CUST1017,2025-10-25,42.0,Male,27591,61,Silver,Home & Kitchen,12,442.98,175,2.0,1
CUST1018,2024-05-10,19.0,Female,41438,54,Gold,Clothing,7,324.61,5,1.0,1
CUST1019,2025-10-23,31.0,Male,32907,62,Gold,Electronics,5,238.11,72,4.0,1
CUST1020,2024-11-04,42.0,Female,36075,1,Bronze,Clothing,1,41.53,162,4.0,1
CUST1021,2024-12-09,55.0,Female,56535,49,Silver,Electronics,5,341.92,57,2.0,0
CUST1022,2025-05-06,44.0,Male,45897,25,Silver,Home & Kitchen,4,216.25,76,4.0,0
CUST1023,2025-02-17,56.0,Male,106344,10,Bronze,Home & Kitchen,4,468.12,18,4.0,0
CUST1024,2025-01-20,30.0,Female,82937,80,Premium,Clothing,21,1697.05,61,3.0,0
CUST1025,2024-07-10,38.0,Male,42238,16,Silver,Clothing,6,339.45,70,3.0,1
CUST1026,2024-10-03,44.0,Male,37343,58,Gold,Sports & Outdoors,7,340.69,137,5.0,0
CUST1027,2024-06-09,18.0,Male,93685,72,Gold,Electronics,17,1538.54,24,3.0,0
CUST1028,2025-04-04,53.0,Male,104679,29,Gold,Beauty,9,943.66,171,4.0,0
CUST1029,2024-11-09,18.0,Female,22402,92,Gold,Sports & Outdoors,7,252.3,126,3.0,1
CUST1030,2024-01-22,46.0,Female,55925,6,Bronze,Clothing,7,419.61,57,4.0,1
CUST1031,2024-09-09,43.0,Male,48722,16,Bronze,Home & Kitchen,6,346.46,152,4.0,1
CUST1032,2025-07-14,18.0,Male,69862,20,Bronze,Sports & Outdoors,6,474.21,119,4.0,1
CUST1033,2025-04-19,18.0,Male,117208,80,Premium,Electronics,10,1152.3,110,5.0,0
CUST1034,2024-02-28,52.0,Male,44400,71,Silver,Clothing,15,748.56,167,,1
CUST1035,2025-05-25,49.0,Male,23632,78,Silver,Clothing,14,452.42,75,4.0,0
CUST1036,2025-11-12,24.0,Male,67930,43,Silver,Clothing,8,569.37,69,2.0,1
CUST1037,2025-04-20,24.0,Male,93960,26,Gold,Beauty,7,692.04,137,3.0,1
CUST1038,2025-11-30,41.0,Female,47721,90,Gold,Beauty,13,662.98,65,4.0,0
CUST1039,2024-07-08,34.0,Male,40644,78,Gold,Beauty,9,457.48,119,4.0,0
CUST1040,2025-11-17,47.0,Female,45239,71,Silver,Electronics,12,538.64,152,,1
CUST1041,2025-07-16,40.0,Female,75714,33,Gold,Electronics,6,486.41,86,1.0,1
CUST1042,2025-07-20,53.0,Female,44929,26,Silver,Home & Kitchen,8,449.6,138,4.0,1
CUST1043,2024-08-31,46.0,Female,61460,45,Silver,Electronics,6,458.13,121,3.0,1
CUST1044,2025-05-19,43.0,Female,54489,84,Silver,Home & Kitchen,12,780.41,163,3.0,1
CUST1045,2024-05-10,30.0,Female,52286,63,Silver,Clothing,9,509.09,48,4.0,1
CUST1046,2025-04-29,29.0,Female,71336,67,Gold,Home & Kitchen,12,801.29,47,4.0,0
CUST1047,2025-10-08,34.0,Female,44498,52,Silver,Home & Kitchen,9,491.87,114,1.0,0
CUST1048,2024-01-21,57.0,Female,45360,68,Silver,Clothing,11,562.8,86,2.0,1
CUST1049,2024-06-15,30.0,Female,74137,26,Bronze,Electronics,5,392.26,6,,0
CUST1050,2024-09-30,38.0,Male,36310,75,Silver,Clothing,14,583.2,76,3.0,1
CUST1051,2025-01-22,18.0,Male,450000,2,Gold,Clothing,3,600.0,178,4.0,1
CUST1052,2025-08-23,43.0,Male,32549,14,Bronze,Home & Kitchen,3,100.87,144,4.0,0
CUST1053,2024-11-11,62.0,Female,75678,30,Silver,Beauty,6,437.0,159,2.0,1
CUST1054,2024-01-14,23.0,Female,51665,49,Gold,Beauty,11,573.3,153,1.0,1
CUST1055,2024-08-29,73.0,Female,31862,12,Bronze,Sports & Outdoors,5,229.58,120,2.0,1
CUST1056,2024-12-11,37.0,Female,75823,90,Premium,Clothing,11,814.54,123,5.0,1
CUST1057,2025-07-18,18.0,Female,43149,44,Gold,Electronics,11,636.32,149,3.0,0
CUST1058,2024-12-05,30.0,Male,38023,33,Bronze,Clothing,3,127.8,140,5.0,1
CUST1059,2024-04-01,50.0,Female,49829,13,Bronze,Home & Kitchen,3,201.01,124,4.0,1
CUST1060,2025-01-01,58.0,Female,97355,78,Premium,Clothing,13,1123.0,11,4.0,0
CUST1061,2025-03-30,43.0,Prefer not to say,46011,88,Gold,Beauty,8,443.71,70,4.0,0
CUST1062,2025-03-03,53.0,Male,67831,98,Premium,Clothing,6,430.31,0,2.0,0
CUST1063,2025-05-23,20.0,Female,72075,26,Silver,Sports & Outdoors,8,552.04,160,4.0,0
CUST1064,2024-02-04,26.0,Female,64340,21,Bronze,Sports & Outdoors,2,131.72,118,3.0,0
CUST1065,2024-07-24,18.0,Female,89596,28,Silver,Electronics,11,971.93,141,4.0,0
CUST1066,2024-03-21,27.0,Female,40610,48,Gold,Clothing,5,250.45,110,1.0,1
CUST1067,2025-07-15,44.0,Female,35500,100,Gold,Home & Kitchen,12,478.81,63,4.0,0
CUST1068,2025-01-22,37.0,Male,35222,40,Bronze,Clothing,4,185.91,42,1.0,0
CUST1069,2024-01-02,45.0,Female,50861,66,Silver,Clothing,8,463.86,40,5.0,0
CUST1070,2025-01-24,23.0,Female,36894,73,Silver,Home & Kitchen,12,595.69,114,3.0,0
CUST1071,2025-07-19,24.0,Female,57162,87,Silver,Electronics,12,699.88,38,4.0,0
CUST1072,2024-04-15,37.0,Female,55572,79,Gold,Home & Kitchen,12,711.16,0,3.0,0
CUST1073,2025-04-21,27.0,Male,80989,77,Silver,Home & Kitchen,16,1435.22,40,3.0,0
CUST1074,2025-12-03,50.0,Male,60542,23,Bronze,Electronics,8,487.37,172,,1
CUST1075,2025-02-05,27.0,Prefer not to say,45623,81,Gold,Clothing,10,460.57,87,5.0,0
CUST1076,2025-12-30,29.0,Female,63511,48,Gold,Clothing,6,9500.0,97,1.0,1
CUST1077,2025-07-09,40.0,Female,35687,2,Bronze,Home & Kitchen,1,35.86,87,5.0,0
CUST1078,2024-06-10,30.0,Male,53070,84,Silver,Electronics,14,946.25,78,4.0,0
CUST1079,2024-07-20,20.0,Female,61230,20,Silver,Beauty,7,452.28,140,4.0,1
CUST1080,2024-09-26,,Female,56747,59,Gold,Clothing,8,487.39,70,3.0,1
CUST1081,2024-09-27,41.0,Non-Binary,63618,46,Gold,Electronics,12,860.73,136,3.0,1
CUST1082,2025-03-31,18.0,Male,41648,3,Silver,Clothing,3,138.24,98,5.0,0
CUST1083,2025-04-06,51.0,Female,85429,55,Gold,Clothing,12,1021.33,150,3.0,1
CUST1084,2025-12-27,26.0,Female,111692,12,Bronze,Clothing,3,312.95,174,4.0,1
CUST1085,2024-09-08,,Male,28383,40,Bronze,Home & Kitchen,4,119.51,166,1.0,1
CUST1086,2025-12-02,27.0,Female,33136,66,Silver,Clothing,7,300.07,86,2.0,1
CUST1087,2024-10-22,24.0,Female,54823,100,Premium,Electronics,7,460.7,153,4.0,1
CUST1088,2025-12-25,37.0,Female,48631,78,Gold,Electronics,9,503.3,0,4.0,0
CUST1089,2025-12-20,47.0,Female,115059,16,Silver,Home & Kitchen,9,1039.33,141,4.0,1
CUST1090,2024-12-03,32.0,Male,58838,83,Silver,Home & Kitchen,11,644.08,111,2.0,0
CUST1091,2024-02-22,34.0,Male,94057,34,Silver,Clothing,5,448.05,73,3.0,0
CUST1092,2024-08-04,44.0,Male,23741,44,Bronze,Beauty,10,283.13,64,3.0,1
CUST1093,2024-07-06,45.0,Male,74630,6,Bronze,Clothing,3,237.07,68,3.0,0
CUST1094,2025-01-14,,Female,40474,77,Silver,Beauty,14,659.96,66,5.0,0
CUST1095,2025-05-07,29.0,Male,40216,64,Gold,Clothing,13,607.59,176,4.0,0
CUST1096,2024-02-10,35.0,Non-Binary,48790,100,Gold,Electronics,14,826.05,49,1.0,1
CUST1097,2024-06-05,32.0,Non-Binary,30479,22,Bronze,Sports & Outdoors,8,304.27,57,5.0,0
CUST1098,2024-01-15,38.0,Female,64328,18,Silver,Clothing,2,148.01,52,3.0,0
CUST1099,2024-03-05,20.0,Female,58158,12,Bronze,Beauty,1,64.64,90,4.0,1
CUST1100,2025-06-04,38.0,Female,59941,52,Silver,Clothing,11,694.32,114,2.0,1
CUST1101,2024-12-09,26.0,Female,76837,94,Premium,Home & Kitchen,13,926.55,117,4.0,0
CUST1102,2024-05-08,45.0,Male,98770,51,Silver,Beauty,8,805.0,56,2.0,0
CUST1103,2025-10-09,26.0,Male,46590,71,Silver,Electronics,16,883.83,85,3.0,0
CUST1104,2025-04-16,27.0,Female,65223,96,Premium,Beauty,16,1136.13,17,1.0,0
CUST1105,2024-03-03,40.0,Female,60586,48,Silver,Home & Kitchen,9,605.73,15,2.0,1
CUST1106,2024-05-18,35.0,Female,62672,19,Silver,Home & Kitchen,5,322.91,129,1.0,1
CUST1107,2025-05-13,62.0,Female,63049,6,Bronze,Clothing,4,267.14,12,2.0,1
CUST1108,2025-08-15,18.0,Female,101807,84,Premium,Beauty,8,780.37,172,2.0,1
CUST1109,2025-01-26,36.0,Male,44836,27,Silver,Electronics,2,117.23,79,4.0,1
CUST1110,2025-11-05,48.0,Prefer not to say,29270,53,Silver,Clothing,7,266.11,42,1.0,0
CUST1111,2025-02-22,28.0,Female,40761,48,Gold,Beauty,7,321.1,53,4.0,0
CUST1112,2024-10-15,24.0,Male,72951,7,Bronze,Beauty,2,164.77,158,2.0,1
CUST1113,2025-01-13,24.0,Female,54391,59,Silver,Electronics,15,995.64,136,5.0,1
CUST1114,2025-05-04,18.0,Male,44694,69,Silver,Clothing,7,373.99,72,5.0,0
CUST1115,2024-08-18,51.0,Female,35032,11,Silver,Clothing,2,87.09,47,2.0,0
CUST1116,2024-02-10,31.0,Female,58873,15,Silver,Clothing,3,186.49,17,4.0,1
CUST1117,2024-01-28,29.0,Male,69733,64,Silver,Clothing,8,583.13,10,1.0,1
CUST1118,2024-05-14,18.0,Non-Binary,60899,3,Bronze,Home & Kitchen,1,61.38,83,5.0,1
CUST1119,2024-07-19,18.0,Female,48693,69,Gold,Electronics,10,579.94,18,4.0,0
CUST1120,2024-02-02,52.0,Male,57142,23,Bronze,Beauty,2,141.76,99,1.0,1
CUST1121,2024-02-17,115.0,Male,57009,53,Gold,Beauty,6,391.92,115,3.0,1
CUST1122,2025-05-17,48.0,Female,58134,37,Silver,Clothing,6,347.57,89,1.0,1
CUST1123,2025-02-10,47.0,Male,33554,9,Bronze,Clothing,2,90.47,73,3.0,0
CUST1124,2025-07-27,22.0,Male,58312,15,Silver,Clothing,2,129.13,23,4.0,0
CUST1125,2025-12-28,64.0,Male,45179,3,Bronze,Clothing,2,109.76,12,3.0,1
CUST1126,2024-04-08,58.0,Male,81706,93,Premium,Home & Kitchen,19,1500.82,124,3.0,0
CUST1127,2025-11-14,28.0,Female,56829,70,Gold,Clothing,9,561.37,115,2.0,1
CUST1128,2025-12-26,18.0,Female,75269,17,Bronze,Home & Kitchen,3,246.42,173,2.0,1
CUST1129,2025-06-30,30.0,Male,47759,26,Bronze,Clothing,5,247.25,180,2.0,1
CUST1130,2025-09-04,,Female,48453,21,Silver,Clothing,1,53.13,156,4.0,1
CUST1131,2025-04-06,28.0,Male,97962,72,Premium,Electronics,12,1142.35,163,2.0,1
CUST1132,2025-10-04,32.0,Non-Binary,64162,21,Bronze,Electronics,1,73.46,70,4.0,0
CUST1133,2024-01-05,25.0,Non-Binary,40490,11,Silver,Electronics,6,326.87,125,3.0,1
CUST1134,2024-08-05,46.0,Male,77144,38,Silver,Clothing,9,627.4,144,2.0,1
CUST1135,2025-05-17,35.0,Female,43534,72,Silver,Beauty,11,618.92,175,4.0,1
CUST1136,2025-02-01,46.0,Female,58977,88,Premium,Beauty,8,560.34,151,3.0,1
CUST1137,2025-01-27,49.0,Male,112342,35,Silver,Clothing,12,1370.3,118,3.0,0
CUST1138,2024-07-25,18.0,Male,30397,14,Silver,Electronics,1,37.68,90,4.0,0
CUST1139,2024-01-15,25.0,Male,50227,14,Bronze,Electronics,4,222.83,84,3.0,0
CUST1140,2025-07-07,27.0,Female,63446,10,Bronze,Clothing,4,240.14,107,3.0,1
CUST1141,2025-04-05,65.0,Non-Binary,73168,12,Bronze,Clothing,2,131.0,126,4.0,0
CUST1142,2025-11-21,36.0,Female,32798,38,Bronze,Clothing,7,283.67,120,4.0,1
CUST1143,2025-07-28,44.0,Female,29153,34,Bronze,Electronics,2,79.35,128,1.0,1
CUST1144,2024-08-28,18.0,Female,83361,41,Silver,Electronics,8,682.81,5,3.0,0
CUST1145,2025-07-17,36.0,Female,40395,10,Bronze,Electronics,8,422.15,77,1.0,1
CUST1146,2024-04-05,46.0,Female,39724,17,Bronze,Electronics,1,63.41,37,2.0,1
CUST1147,2025-04-29,45.0,Male,100181,17,Bronze,Home & Kitchen,6,579.03,160,4.0,1
CUST1148,2025-02-10,42.0,Female,55410,67,Gold,Electronics,10,558.97,115,5.0,0
CUST1149,2024-08-18,35.0,Female,55555,62,Silver,Clothing,10,640.27,101,5.0,0
CUST1150,2025-10-16,,Male,50147,95,Premium,Home & Kitchen,18,1042.21,7,1.0,1
CUST1151,2024-06-19,18.0,Female,33025,1,Bronze,Beauty,3,118.94,77,3.0,0
CUST1152,2025-06-24,24.0,Male,70609,12,Bronze,Beauty,5,391.98,111,4.0,0
CUST1153,2024-02-05,37.0,Female,63476,4,Bronze,Home & Kitchen,2,127.67,147,2.0,1
CUST1154,2025-06-08,26.0,Female,57648,42,Silver,Electronics,9,561.57,54,4.0,0
CUST1155,2024-06-08,43.0,Male,51436,13,Bronze,Home & Kitchen,1,57.51,47,4.0,0
CUST1156,2025-11-29,40.0,Male,47940,98,Premium,Beauty,14,702.96,87,5.0,0
CUST1157,2024-08-30,51.0,Male,77624,85,Premium,Electronics,18,1280.49,9,1.0,1
CUST1158,2024-03-26,46.0,Female,50925,86,Silver,Clothing,9,526.79,51,2.0,0
CUST1159,2025-07-31,37.0,Male,52523,4,Bronze,Beauty,4,262.45,177,4.0,1
CUST1160,2025-11-12,43.0,Female,66609,82,Silver,Clothing,15,1129.68,33,4.0,0
CUST1161,2025-07-10,47.0,Male,58560,69,Silver,Electronics,13,896.21,163,5.0,0
CUST1162,2025-07-27,28.0,Prefer not to say,103938,19,Silver,Electronics,3,292.86,60,1.0,0
CUST1163,2025-10-07,31.0,Non-Binary,26637,2,Bronze,Clothing,2,76.54,143,4.0,1
CUST1164,2024-01-28,33.0,Female,60754,12,Bronze,Electronics,4,234.03,78,,0
CUST1165,2025-09-11,29.0,Female,40635,81,Silver,Home & Kitchen,15,745.61,17,1.0,0
CUST1166,2025-07-09,47.0,Female,36967,74,Silver,Home & Kitchen,12,633.0,70,4.0,0
CUST1167,2024-12-05,27.0,Female,44882,98,Gold,Electronics,15,892.51,174,4.0,0
CUST1168,2024-11-26,50.0,Male,55078,6,Bronze,Beauty,3,213.15,85,2.0,1
CUST1169,2025-10-01,30.0,Male,56065,8,Bronze,Clothing,7,466.67,31,3.0,0
CUST1170,2025-05-20,40.0,Male,29369,51,Silver,Electronics,11,460.38,42,4.0,0
CUST1171,2024-12-13,36.0,Male,43399,11,Bronze,Beauty,1,55.54,82,3.0,1
CUST1172,2025-04-17,23.0,Male,60302,63,Silver,Beauty,8,549.24,167,5.0,0
CUST1173,2024-08-18,34.0,Female,37944,57,Silver,Home & Kitchen,5,212.92,162,3.0,1
CUST1174,2024-07-08,39.0,Prefer not to say,34500,12,Bronze,Beauty,1,36.17,68,3.0,1
CUST1175,2024-08-12,34.0,Male,21855,73,Silver,Home & Kitchen,17,639.65,49,5.0,0
CUST1176,2025-01-19,18.0,Female,41330,2,Bronze,Beauty,5,299.54,11,5.0,0
CUST1177,2025-01-11,55.0,Male,34022,8,Bronze,Clothing,2,95.94,84,1.0,1
CUST1178,2024-10-09,36.0,Female,36354,11,Bronze,Home & Kitchen,7,250.96,122,,1
CUST1179,2025-09-24,25.0,Female,48335,53,Silver,Sports & Outdoors,9,474.14,57,2.0,0
CUST1180,2025-09-19,54.0,Female,42391,100,Gold,Home & Kitchen,12,592.11,82,1.0,1
CUST1181,2024-09-15,,Non-Binary,33797,10,Silver,Electronics,4,135.54,176,3.0,1
CUST1182,2024-12-24,20.0,Male,23116,85,Silver,Clothing,12,328.55,111,3.0,0
CUST1183,2025-12-10,22.0,Female,60813,84,Silver,Home & Kitchen,13,851.4,127,,1
CUST1184,2025-03-31,32.0,Female,72821,8,Silver,Electronics,3,230.98,35,4.0,0
CUST1185,2025-02-14,38.0,Male,45979,36,Silver,Sports & Outdoors,6,290.31,53,5.0,0
CUST1186,2025-10-10,42.0,Non-Binary,48452,93,Premium,Electronics,15,723.93,46,4.0,0
CUST1187,2024-11-13,46.0,Male,53947,76,Silver,Electronics,12,791.07,114,3.0,1
CUST1188,2025-11-07,41.0,Female,101331,14,Bronze,Sports & Outdoors,6,585.18,159,4.0,1
CUST1189,2024-08-12,51.0,Male,28783,54,Silver,Clothing,7,264.52,123,5.0,0
CUST1190,2024-08-21,36.0,Male,45653,85,Silver,Electronics,10,503.11,180,4.0,1
CUST1191,2025-11-14,25.0,Female,27061,86,Silver,Home & Kitchen,13,438.03,159,4.0,1
CUST1192,2025-10-25,34.0,Female,62290,21,Bronze,Home & Kitchen,4,293.69,164,5.0,1
CUST1193,2025-01-08,34.0,Male,50871,50,Gold,Electronics,7,370.95,95,2.0,1
CUST1194,2025-11-02,18.0,Male,58444,94,Premium,Sports & Outdoors,12,775.22,106,4.0,0
CUST1195,2025-08-30,28.0,Female,57290,39,Silver,Clothing,5,313.93,119,5.0,0
CUST1196,2025-04-16,38.0,Male,80091,20,Bronze,Home & Kitchen,5,360.01,100,,1
CUST1197,2024-08-20,,Male,66829,88,Premium,Clothing,19,1366.02,102,2.0,0
CUST1198,2025-11-22,27.0,Female,75120,87,Premium,Home & Kitchen,11,768.68,165,4.0,1
CUST1199,2024-04-22,45.0,Female,35186,7,Bronze,Clothing,1,47.5,157,4.0,0
CUST1200,2025-05-11,24.0,Male,86847,9,Bronze,Clothing,6,488.64,31,2.0,1
CUST1201,2025-03-17,43.0,Female,40364,1,Bronze,Clothing,1,51.25,65,4.0,1
CUST1202,2025-07-17,19.0,Female,41303,26,Bronze,Beauty,8,378.17,178,3.0,1
CUST1203,2024-09-24,68.0,Female,60052,38,Silver,Electronics,10,616.72,10,3.0,0
CUST1204,2025-05-24,32.0,Female,60803,38,Gold,Home & Kitchen,12,800.66,147,,1
CUST1205,2025-01-20,31.0,Male,35097,61,Gold,Beauty,13,479.55,36,4.0,0
CUST1206,2025-01-21,48.0,Male,50278,44,Silver,Electronics,9,508.97,101,3.0,0
CUST1207,2024-04-22,29.0,Male,97727,86,Premium,Electronics,9,903.15,48,3.0,0
CUST1208,2025-09-04,52.0,Female,29950,44,Bronze,Clothing,2,90.34,18,3.0,0
CUST1209,2025-09-16,39.0,Male,97609,74,Premium,Home & Kitchen,11,1034.3,167,2.0,0
CUST1210,2024-03-21,33.0,Female,48920,62,Gold,Electronics,10,541.83,6,1.0,1
CUST1211,2025-11-29,32.0,Male,21153,6,Silver,Clothing,3,75.5,132,2.0,1
CUST1212,2024-04-22,,Male,31192,17,Silver,Home & Kitchen,2,74.48,41,4.0,0
CUST1213,2024-01-02,37.0,Female,36652,51,Silver,Home & Kitchen,3,113.23,87,4.0,0
CUST1214,2025-10-03,40.0,Male,41985,38,Bronze,Clothing,6,313.13,175,2.0,1
CUST1215,2024-08-07,41.0,Male,51676,24,Bronze,Clothing,11,685.02,134,2.0,1
CUST1216,2025-07-19,36.0,Female,18274,51,Silver,Beauty,6,167.74,10,4.0,0
CUST1217,2024-08-12,41.0,Male,58067,10,Bronze,Sports & Outdoors,6,348.59,176,3.0,1
CUST1218,2025-01-19,33.0,Female,35334,72,Silver,Beauty,13,597.82,157,5.0,1
CUST1219,2025-02-06,34.0,Female,93981,21,Silver,Home & Kitchen,5,444.89,40,4.0,0
CUST1220,2025-09-29,21.0,Male,48366,70,Silver,Clothing,10,586.65,2,3.0,0
CUST1221,2024-05-09,,Female,78572,85,Premium,Clothing,12,1081.85,39,3.0,0
CUST1222,2024-02-22,18.0,Female,84017,57,Gold,Electronics,7,564.14,50,4.0,0
CUST1223,2025-11-14,38.0,Male,83112,39,Silver,Electronics,10,805.52,31,1.0,1
CUST1224,2025-12-30,31.0,Male,42962,88,Silver,Home & Kitchen,16,696.06,47,,1
CUST1225,2025-11-02,39.0,Male,42742,33,Silver,Clothing,4,205.4,70,2.0,0
CUST1226,2025-12-10,22.0,Female,49249,59,Gold,Clothing,6,338.59,147,4.0,1
CUST1227,2025-02-19,18.0,Male,69503,18,Silver,Sports & Outdoors,3,214.7,88,4.0,0
CUST1228,2024-09-03,30.0,Female,43930,56,Silver,Electronics,8,413.51,108,1.0,0
CUST1229,2025-03-14,22.0,Female,51376,92,Gold,Electronics,8,420.76,34,4.0,0
CUST1230,2024-07-21,18.0,Female,60118,57,Gold,Electronics,7,397.48,107,3.0,1
CUST1231,2024-07-02,44.0,Male,37522,96,Premium,Home & Kitchen,14,594.62,151,4.0,1
CUST1232,2024-05-02,54.0,Male,36585,76,Silver,Home & Kitchen,11,395.01,39,2.0,0
CUST1233,2025-02-04,25.0,Female,50581,48,Gold,Clothing,6,316.37,51,4.0,0
CUST1234,2024-10-20,34.0,Male,53333,42,Silver,Clothing,5,304.96,111,5.0,0
CUST1235,2024-10-06,31.0,Male,64099,27,Bronze,Beauty,4,274.86,38,1.0,1
CUST1236,2025-09-01,27.0,Male,70501,74,Silver,Beauty,12,778.58,67,3.0,0
CUST1237,2024-07-16,,Male,34718,52,Silver,Sports & Outdoors,9,442.61,75,2.0,1
CUST1238,2025-05-25,47.0,Female,38941,42,Bronze,Beauty,4,185.91,64,2.0,0
CUST1239,2024-05-23,24.0,Male,36546,32,Bronze,Home & Kitchen,5,194.79,61,3.0,0
CUST1240,2025-08-31,35.0,Male,94808,26,Gold,Electronics,2,184.37,1,4.0,0
CUST1241,2024-07-19,125.0,Male,51355,25,Silver,Electronics,5,274.4,133,,1
CUST1242,2024-05-03,43.0,Female,54235,75,Silver,Electronics,10,558.57,121,2.0,1
CUST1243,2024-07-05,45.0,Female,55146,23,Bronze,Home & Kitchen,4,260.07,74,4.0,1
CUST1244,2024-11-21,51.0,Male,40472,98,Gold,Beauty,18,777.51,170,4.0,1
CUST1245,2025-04-08,51.0,Female,100744,57,Silver,Clothing,10,998.77,39,4.0,0
CUST1246,2024-12-14,47.0,Female,63516,52,Gold,Electronics,9,551.01,88,3.0,0
CUST1247,2025-10-21,36.0,Female,54746,87,Gold,Clothing,6,362.62,166,2.0,1
CUST1248,2025-02-06,30.0,Female,34632,93,Gold,Sports & Outdoors,12,542.25,27,3.0,1
CUST1249,2024-12-11,36.0,Male,33855,31,Bronze,Home & Kitchen,6,267.3,79,3.0,1
CUST1250,2025-05-25,28.0,Male,47623,64,Silver,Beauty,16,881.44,62,4.0,1
CUST1251,2024-05-26,18.0,Male,40726,71,Silver,Beauty,9,429.69,139,4.0,1
CUST1252,2024-05-27,31.0,Male,35159,33,Bronze,Sports & Outdoors,3,116.94,40,2.0,1
CUST1253,2025-12-11,39.0,Prefer not to say,46455,85,Gold,Beauty,17,823.65,28,1.0,0
CUST1254,2025-05-03,27.0,Male,49417,2,Silver,Home & Kitchen,1,57.67,22,5.0,0
CUST1255,2025-10-01,32.0,Male,57031,18,Bronze,Electronics,2,112.44,79,4.0,1
CUST1256,2025-07-04,33.0,Female,44049,47,Gold,Electronics,7,309.78,50,5.0,0
CUST1257,2024-12-03,51.0,Female,36011,33,Bronze,Clothing,5,260.79,111,1.0,1
CUST1258,2025-10-02,30.0,Male,36514,98,Gold,Electronics,15,661.95,104,4.0,0
CUST1259,2025-04-17,51.0,Male,87538,84,Premium,Sports & Outdoors,11,1002.36,44,4.0,0
CUST1260,2024-05-30,18.0,Male,32660,35,Bronze,Clothing,4,186.34,89,5.0,1
CUST1261,2025-02-18,51.0,Female,62312,51,Silver,Beauty,9,604.64,149,1.0,1
CUST1262,2024-10-24,50.0,Male,66334,18,Bronze,Clothing,5,341.97,137,2.0,1
CUST1263,2025-09-02,45.0,Male,51335,88,Gold,Clothing,9,503.82,134,3.0,1
CUST1264,2024-09-19,18.0,Female,109291,72,Gold,Sports & Outdoors,8,912.93,88,5.0,0
CUST1265,2024-05-23,47.0,Male,65862,30,Bronze,Clothing,9,603.82,14,5.0,0
CUST1266,2024-12-11,34.0,Female,112622,44,Gold,Clothing,9,987.6,76,5.0,0
CUST1267,2025-09-15,18.0,Female,41531,53,Gold,Electronics,15,794.94,105,5.0,1
CUST1268,2025-07-25,50.0,Male,41817,10,Silver,Home & Kitchen,4,204.4,173,,0
CUST1269,2024-01-02,52.0,Non-Binary,66546,87,Gold,Clothing,4,303.51,89,1.0,1
CUST1270,2024-10-30,18.0,Female,48535,52,Gold,Home & Kitchen,12,642.15,86,2.0,1
CUST1271,2024-09-10,37.0,Male,105757,49,Silver,Home & Kitchen,8,851.98,60,3.0,0
CUST1272,2025-10-13,51.0,Female,61779,11,Bronze,Home & Kitchen,4,230.04,107,4.0,1
CUST1273,2025-03-28,49.0,Female,35483,66,Silver,Home & Kitchen,8,410.43,60,5.0,0
CUST1274,2024-02-06,45.0,Female,26900,58,Gold,Clothing,8,344.26,50,2.0,0
CUST1275,2024-06-08,18.0,Male,52226,90,Gold,Clothing,12,683.99,165,4.0,1
CUST1276,2024-01-09,43.0,Non-Binary,51999,36,Bronze,Beauty,10,605.27,11,5.0,0
CUST1277,2024-08-20,32.0,Male,61092,33,Bronze,Clothing,11,774.02,76,3.0,1
CUST1278,2024-04-08,46.0,Male,87458,47,Silver,Clothing,10,826.93,111,2.0,1
CUST1279,2025-10-20,38.0,Male,82974,13,Bronze,Clothing,10,834.22,65,3.0,0
CUST1280,2024-07-26,34.0,Male,42748,40,Silver,Beauty,3,132.28,166,,1
CUST1281,2024-05-10,42.0,Female,32116,89,Gold,Clothing,18,854.2,166,4.0,0
CUST1282,2025-02-07,32.0,Male,32892,68,Silver,Clothing,10,465.24,114,3.0,0
CUST1283,2024-05-31,34.0,Male,40131,42,Silver,Home & Kitchen,6,282.23,29,1.0,0
CUST1284,2024-02-23,28.0,Female,46534,19,Bronze,Home & Kitchen,6,310.76,104,5.0,0
CUST1285,2024-04-29,18.0,Male,60880,82,Silver,Electronics,16,1039.82,175,4.0,1
CUST1286,2025-11-03,41.0,Male,39114,94,Silver,Clothing,14,603.52,30,3.0,0
CUST1287,2025-09-19,,Male,60282,19,Bronze,Home & Kitchen,7,450.55,152,5.0,0
CUST1288,2025-08-09,32.0,Male,62283,58,Gold,Sports & Outdoors,16,987.42,178,2.0,1
CUST1289,2025-09-16,38.0,Male,57066,23,Bronze,Home & Kitchen,1,67.05,12,2.0,1
CUST1290,2025-02-23,18.0,Female,34309,54,Silver,Clothing,10,492.76,127,4.0,1
CUST1291,2025-02-25,18.0,Male,64975,80,Silver,Electronics,14,1034.21,169,,1
CUST1292,2024-04-13,31.0,Male,123889,65,Gold,Beauty,8,898.16,100,4.0,1
CUST1293,2024-09-10,40.0,Female,59456,12,Silver,Beauty,3,190.51,66,3.0,1
CUST1294,2024-08-14,43.0,Female,16537,24,Silver,Electronics,4,126.82,79,1.0,1
CUST1295,2024-04-21,18.0,Male,88520,34,Silver,Electronics,3,277.83,102,4.0,1
CUST1296,2025-05-24,42.0,Female,40681,53,Gold,Home & Kitchen,7,277.95,18,2.0,0
CUST1297,2025-04-17,32.0,Male,133375,8,Silver,Clothing,1,129.85,173,,0
CUST1298,2024-04-08,24.0,Female,56454,18,Silver,Clothing,4,223.31,142,4.0,0
CUST1299,2024-06-01,,Female,27467,57,Silver,Electronics,12,445.43,31,5.0,0
CUST1300,2024-12-03,44.0,Male,23594,5,Bronze,Clothing,3,122.85,176,4.0,0
CUST1301,2025-12-06,38.0,Female,480000,26,Gold,Clothing,5,1000.0,148,2.0,1
CUST1302,2024-06-11,35.0,Male,83868,30,Silver,Home & Kitchen,2,183.04,64,4.0,0
CUST1303,2025-12-20,,Female,131274,54,Silver,Clothing,11,1309.7,26,4.0,0
CUST1304,2025-11-11,46.0,Male,54122,13,Bronze,Clothing,4,224.02,150,4.0,1
CUST1305,2024-06-09,33.0,Female,52681,83,Silver,Clothing,7,392.61,46,4.0,0
CUST1306,2025-08-02,35.0,Female,46237,29,Silver,Clothing,3,158.4,11,4.0,0
CUST1307,2025-02-01,48.0,Female,41411,3,Bronze,Electronics,2,101.19,84,3.0,1
CUST1308,2024-10-03,31.0,Male,46058,90,Silver,Clothing,12,717.22,65,4.0,0
CUST1309,2025-05-18,42.0,Female,58783,58,Silver,Home & Kitchen,9,534.08,132,3.0,1
CUST1310,2025-01-26,28.0,Female,38448,76,Gold,Electronics,14,614.54,136,2.0,1
CUST1311,2024-05-14,30.0,Female,27637,2,Bronze,Electronics,2,90.3,147,4.0,1
CUST1312,2024-07-13,33.0,Female,57445,75,Gold,Electronics,14,799.06,109,2.0,0
CUST1313,2025-02-04,41.0,Female,38107,28,Silver,Clothing,7,352.73,81,,1
CUST1314,2025-10-01,49.0,Male,15000,82,Silver,Beauty,14,378.79,124,1.0,1
CUST1315,2024-02-02,36.0,Male,67215,77,Silver,Electronics,8,583.62,62,4.0,1
CUST1316,2025-11-18,18.0,Female,34593,86,Silver,Sports & Outdoors,14,556.79,71,3.0,0
CUST1317,2025-04-04,,Male,70217,76,Silver,Electronics,12,924.6,97,4.0,1
CUST1318,2025-04-14,64.0,Non-Binary,69548,2,Silver,Beauty,6,418.11,72,3.0,1
CUST1319,2025-01-09,36.0,Female,60359,7,Silver,Clothing,6,349.21,70,3.0,1
CUST1320,2024-01-22,18.0,Non-Binary,146292,26,Silver,Home & Kitchen,2,278.62,29,3.0,1
CUST1321,2025-10-31,37.0,Male,50991,90,Premium,Clothing,10,449.77,124,4.0,1
CUST1322,2024-02-07,34.0,Female,48068,88,Gold,Clothing,6,313.3,15,3.0,0
CUST1323,2024-08-17,33.0,Female,70834,76,Gold,Beauty,14,1056.78,132,5.0,0
CUST1324,2024-12-30,46.0,Female,52704,16,Bronze,Beauty,5,313.54,156,5.0,1
CUST1325,2025-07-16,51.0,Female,85719,23,Bronze,Clothing,8,740.52,46,4.0,0
CUST1326,2025-03-13,43.0,Male,32439,40,Bronze,Electronics,8,407.36,100,5.0,0
CUST1327,2024-10-09,33.0,Female,32655,60,Gold,Electronics,12,594.85,106,3.0,0
CUST1328,2024-01-27,48.0,Female,73200,73,Silver,Beauty,8,615.66,125,4.0,0
CUST1329,2024-08-13,18.0,Male,33816,32,Bronze,Clothing,7,341.66,21,4.0,0
CUST1330,2024-10-03,26.0,Male,68753,15,Silver,Clothing,5,365.87,82,4.0,0
CUST1331,2025-08-31,27.0,Female,62482,13,Bronze,Home & Kitchen,3,211.49,162,5.0,1
CUST1332,2024-10-10,34.0,Female,40816,5,Silver,Beauty,1,46.02,59,4.0,0
CUST1333,2025-04-25,41.0,Prefer not to say,62411,75,Silver,Home & Kitchen,9,623.88,57,5.0,0
CUST1334,2025-03-28,32.0,Female,32886,74,Silver,Beauty,11,440.43,2,3.0,0
CUST1335,2025-10-20,24.0,Male,36122,52,Gold,Beauty,8,353.87,161,4.0,0
CUST1336,2025-05-30,46.0,Male,49009,77,Silver,Clothing,14,814.34,44,4.0,0
CUST1337,2025-06-30,32.0,Male,55615,41,Silver,Clothing,5,359.01,49,4.0,0
CUST1338,2024-07-10,36.0,Male,47723,53,Silver,Beauty,9,510.69,1,3.0,1
CUST1339,2024-02-18,41.0,Male,64079,50,Silver,Clothing,4,273.36,14,4.0,0
CUST1340,2025-05-26,35.0,Male,62945,15,Bronze,Sports & Outdoors,2,126.59,164,5.0,0
CUST1341,2024-01-17,35.0,Male,99348,7,Silver,Electronics,1,102.27,142,2.0,1
CUST1342,2024-06-20,47.0,Female,51871,40,Gold,Electronics,3,169.65,95,4.0,0
CUST1343,2024-08-07,36.0,Male,86895,28,Gold,Sports & Outdoors,5,446.42,84,3.0,0
CUST1344,2024-06-06,45.0,Female,77880,32,Silver,Home & Kitchen,4,333.64,110,5.0,0
CUST1345,2025-04-21,,Female,134892,99,Gold,Clothing,15,2005.96,179,3.0,1
CUST1346,2024-02-15,,Male,51212,15,Bronze,Beauty,5,309.44,22,2.0,0
CUST1347,2025-01-07,39.0,Male,45546,100,Premium,Home & Kitchen,15,702.57,98,3.0,0
CUST1348,2025-06-01,42.0,Male,89118,85,Gold,Clothing,8,645.43,36,4.0,0
CUST1349,2024-04-08,48.0,Male,62869,70,Gold,Electronics,10,708.98,106,1.0,0
CUST1350,2024-02-06,35.0,Female,89976,65,Gold,Beauty,12,1084.92,40,4.0,0
CUST1351,2024-10-06,27.0,Male,71779,4,Bronze,Beauty,1,76.77,56,5.0,0
CUST1352,2024-12-14,29.0,Male,23200,11,Bronze,Electronics,3,128.8,96,5.0,0
CUST1353,2025-05-11,29.0,Male,62640,26,Silver,Beauty,5,320.59,24,1.0,1
CUST1354,2024-10-28,23.0,Prefer not to say,61030,61,Gold,Beauty,12,867.78,109,5.0,0
CUST1355,2024-06-29,38.0,Female,56833,37,Bronze,Clothing,5,296.64,36,4.0,0
CUST1356,2025-08-29,27.0,Female,51110,23,Bronze,Home & Kitchen,4,261.67,39,2.0,0
CUST1357,2024-04-08,37.0,Male,28503,93,Gold,Clothing,16,680.08,84,1.0,1
CUST1358,2025-11-30,,Female,76443,85,Gold,Clothing,8,569.33,45,2.0,0
CUST1359,2024-04-25,34.0,Female,62576,91,Premium,Home & Kitchen,16,1040.96,101,4.0,1
CUST1360,2024-07-09,41.0,Female,83735,40,Silver,Beauty,1,94.36,97,1.0,0
CUST1361,2024-09-09,28.0,Prefer not to say,29118,77,Silver,Home & Kitchen,11,530.38,18,,0
CUST1362,2024-06-09,42.0,Male,66005,23,Bronze,Clothing,6,438.15,90,4.0,0
CUST1363,2024-09-12,53.0,Non-Binary,49058,16,Bronze,Electronics,1,57.65,136,4.0,1
CUST1364,2024-11-18,39.0,Female,57076,94,Gold,Electronics,13,828.91,68,4.0,0
CUST1365,2024-05-07,25.0,Male,49285,61,Silver,Clothing,7,407.79,4,4.0,1
CUST1366,2024-01-18,27.0,Male,66975,68,Gold,Electronics,11,771.19,153,1.0,1
CUST1367,2025-07-19,32.0,Non-Binary,50487,80,Gold,Home & Kitchen,20,1262.55,146,,0
CUST1368,2025-07-23,27.0,Male,35378,31,Silver,Clothing,5,236.85,157,2.0,1
CUST1369,2024-11-18,23.0,Female,55782,53,Gold,Beauty,9,509.92,47,4.0,0
CUST1370,2025-11-16,36.0,Non-Binary,49462,25,Bronze,Clothing,5,297.47,111,4.0,0
CUST1371,2025-09-17,32.0,Female,52118,44,Silver,Home & Kitchen,4,237.03,143,2.0,1
CUST1372,2024-10-14,37.0,Male,15055,12,Silver,Clothing,1,25.98,17,5.0,0
CUST1373,2025-10-24,,Female,70805,90,Gold,Electronics,11,918.46,148,3.0,0
CUST1374,2025-09-30,32.0,Male,47513,97,Gold,Electronics,10,551.13,30,1.0,1
CUST1375,2024-06-03,20.0,Female,31425,92,Gold,Clothing,12,376.84,128,5.0,0
CUST1376,2025-05-04,30.0,Male,77937,9,Bronze,Beauty,2,157.48,130,4.0,1
CUST1377,2025-01-20,44.0,Female,69507,12,Bronze,Electronics,4,311.56,24,4.0,0
CUST1378,2024-04-13,43.0,Female,47273,69,Gold,Home & Kitchen,12,597.14,7,4.0,0
CUST1379,2025-01-27,41.0,Female,33988,54,Gold,Sports & Outdoors,9,433.09,61,4.0,0
CUST1380,2024-09-02,27.0,Female,57864,54,Silver,Beauty,9,524.08,134,1.0,1
CUST1381,2024-06-24,44.0,Female,56606,28,Silver,Electronics,5,344.28,6,3.0,1
CUST1382,2024-02-08,46.0,Female,77992,56,Gold,Sports & Outdoors,8,617.04,135,3.0,1
CUST1383,2025-04-21,26.0,Male,45122,99,Premium,Electronics,17,864.33,18,1.0,1
CUST1384,2025-11-12,34.0,Female,86908,69,Silver,Clothing,4,341.17,144,4.0,1
CUST1385,2025-06-21,59.0,Male,43414,98,Gold,Beauty,14,758.32,138,3.0,0
CUST1386,2025-02-11,26.0,Female,31454,98,Premium,Home & Kitchen,11,554.75,110,3.0,1
CUST1387,2025-06-08,18.0,Male,34259,77,Gold,Clothing,10,436.23,176,1.0,1
CUST1388,2025-05-20,,Male,52558,58,Gold,Clothing,6,352.46,10,4.0,0
CUST1389,2024-02-05,48.0,Female,52492,78,Silver,Clothing,14,782.28,40,4.0,0
CUST1390,2025-11-15,29.0,Male,61438,75,Silver,Clothing,11,638.68,113,3.0,1
CUST1391,2024-01-20,33.0,Male,51973,42,Gold,Clothing,13,727.26,179,4.0,0
CUST1392,2024-11-16,,Female,79663,38,Silver,Sports & Outdoors,9,675.82,91,2.0,0
CUST1393,2025-05-26,36.0,Female,48542,68,Silver,Sports & Outdoors,10,460.15,74,4.0,0
CUST1394,2025-02-03,,Female,24248,53,Silver,Beauty,16,557.15,66,1.0,1
CUST1395,2025-10-15,28.0,Male,51338,33,Bronze,Clothing,3,165.21,167,3.0,1
CUST1396,2025-04-15,45.0,Female,24147,71,Gold,Home & Kitchen,10,420.05,4,4.0,0
CUST1397,2024-05-22,40.0,Male,60065,56,Gold,Sports & Outdoors,11,668.54,115,5.0,0
CUST1398,2024-04-01,41.0,Female,82249,72,Silver,Beauty,16,1390.28,149,3.0,1
CUST1399,2024-12-19,29.0,Female,36320,51,Silver,Clothing,5,242.6,117,4.0,1
CUST1400,2025-12-27,30.0,Female,95040,74,Premium,Electronics,6,605.31,164,,0
CUST1401,2024-02-20,18.0,Male,75491,43,Silver,Electronics,7,538.92,10,5.0,0
CUST1402,2025-10-26,28.0,Male,87310,15,Bronze,Home & Kitchen,8,754.83,43,3.0,1
CUST1403,2025-11-28,48.0,Male,58131,38,Gold,Home & Kitchen,5,331.24,180,3.0,0
CUST1404,2025-07-28,23.0,Male,36226,15,Bronze,Beauty,1,50.88,76,5.0,0
CUST1405,2024-07-08,25.0,Male,73641,5,Silver,Clothing,1,88.34,117,1.0,1
CUST1406,2024-05-04,42.0,Female,41973,93,Silver,Electronics,15,740.42,115,2.0,1
CUST1407,2024-05-29,39.0,Male,56488,83,Silver,Clothing,8,503.42,66,1.0,1
CUST1408,2024-11-09,43.0,Female,50317,54,Silver,Clothing,8,440.97,12,4.0,0
CUST1409,2025-07-23,21.0,Male,84500,51,Gold,Electronics,14,1303.8,91,1.0,1
CUST1410,2024-12-07,65.0,Female,72169,10,Bronze,Home & Kitchen,7,617.15,10,5.0,0
CUST1411,2024-10-31,,Female,52177,12,Bronze,Clothing,2,124.3,138,3.0,1
CUST1412,2025-11-22,36.0,Male,24686,4,Silver,Home & Kitchen,1,27.52,84,1.0,1
CUST1413,2025-11-12,33.0,Male,41795,95,Premium,Clothing,16,726.62,84,3.0,1
CUST1414,2024-02-23,20.0,Female,71419,18,Bronze,Clothing,2,160.63,134,2.0,1
CUST1415,2025-03-19,30.0,Male,60275,80,Silver,Clothing,15,892.61,16,4.0,0
CUST1416,2025-09-04,35.0,Female,29535,36,Silver,Beauty,7,256.27,47,4.0,0
CUST1417,2024-09-20,27.0,Female,26160,25,Bronze,Electronics,2,67.24,141,3.0,0
CUST1418,2024-02-22,46.0,Female,58270,87,Gold,Beauty,19,1200.28,96,1.0,1
CUST1419,2025-07-25,33.0,Male,35306,76,Silver,Clothing,11,502.76,74,4.0,0
CUST1420,2025-09-11,18.0,Female,36692,98,Gold,Beauty,8,289.04,161,4.0,1
CUST1421,2024-01-05,18.0,Female,70522,36,Gold,Beauty,2,132.26,136,4.0,1
CUST1422,2024-04-12,,Female,87162,67,Gold,Clothing,5,400.59,76,4.0,0
CUST1423,2024-07-14,18.0,Male,39909,9,Silver,Home & Kitchen,1,41.34,127,2.0,1
CUST1424,2024-12-15,38.0,Female,52930,61,Gold,Electronics,12,710.26,36,5.0,0
CUST1425,2024-02-16,40.0,Female,52309,53,Gold,Beauty,5,297.82,29,3.0,0
CUST1426,2025-10-17,23.0,Female,50461,18,Bronze,Clothing,4,248.47,168,1.0,1
CUST1427,2024-09-25,45.0,Male,54768,43,Gold,Clothing,12,760.98,172,4.0,1
CUST1428,2025-01-04,18.0,Female,72928,35,Silver,Home & Kitchen,5,364.31,46,5.0,0
CUST1429,2025-09-27,38.0,Male,41153,63,Silver,Beauty,12,605.33,134,4.0,1
CUST1430,2024-04-15,34.0,Female,29276,98,Gold,Electronics,14,625.35,141,2.0,1
CUST1431,2025-10-31,33.0,Female,105941,78,Premium,Home & Kitchen,16,1634.36,47,3.0,0
CUST1432,2025-10-20,20.0,Female,83317,4,Silver,Clothing,1,82.88,133,3.0,1
CUST1433,2025-10-18,,Female,34654,93,Silver,Clothing,12,469.84,33,5.0,0
CUST1434,2024-04-29,54.0,Male,56890,41,Gold,Home & Kitchen,7,408.69,100,2.0,1
CUST1435,2025-08-26,49.0,Prefer not to say,80734,45,Silver,Clothing,8,685.65,45,4.0,1
CUST1436,2024-02-27,43.0,Male,72711,50,Gold,Clothing,11,831.31,69,3.0,0
CUST1437,2024-12-11,46.0,Female,64824,79,Gold,Beauty,15,1182.18,135,4.0,0
CUST1438,2025-04-18,45.0,Female,50339,28,Bronze,Electronics,10,535.66,23,5.0,0
CUST1439,2024-04-26,31.0,Female,107533,42,Silver,Home & Kitchen,6,650.51,66,,0
CUST1440,2024-05-06,35.0,Male,58863,80,Silver,Electronics,15,989.77,3,3.0,0
CUST1441,2025-01-27,18.0,Female,43855,76,Silver,Electronics,7,357.69,0,4.0,0
CUST1442,2025-10-02,33.0,Female,76348,69,Gold,Electronics,18,1376.02,33,4.0,0
CUST1443,2024-02-27,49.0,Male,55997,98,Premium,Home & Kitchen,20,1293.29,108,4.0,0
CUST1444,2025-09-25,27.0,Female,61979,1,Bronze,Home & Kitchen,1,69.36,8,4.0,0
CUST1445,2025-05-27,47.0,Male,58448,39,Gold,Electronics,12,776.6,62,2.0,1
CUST1446,2024-04-05,36.0,Male,65732,96,Premium,Electronics,17,1222.38,9,4.0,0
CUST1447,2025-09-29,18.0,Male,36433,90,Silver,Sports & Outdoors,15,683.15,137,2.0,1
CUST1448,2024-04-27,,Male,30157,17,Bronze,Electronics,2,63.85,177,5.0,1
CUST1449,2025-07-13,46.0,Female,95634,91,Premium,Beauty,7,665.82,43,3.0,0
CUST1450,2025-08-23,41.0,Male,59544,88,Gold,Electronics,13,822.6,117,4.0,1
CUST1451,2025-05-02,36.0,Male,73348,35,Silver,Home & Kitchen,13,1116.11,175,,1
CUST1452,2024-08-24,31.0,Male,26655,46,Bronze,Clothing,11,444.17,5,3.0,0
CUST1453,2024-09-28,37.0,Female,82562,42,Gold,Beauty,9,763.28,120,3.0,1
CUST1454,2024-07-07,45.0,Female,43741,39,Silver,Home & Kitchen,9,483.88,151,4.0,1
CUST1455,2025-12-04,52.0,Male,39032,90,Gold,Clothing,16,678.58,94,4.0,0
CUST1456,2025-03-22,53.0,Male,52537,49,Silver,Electronics,10,557.32,110,5.0,0
CUST1457,2025-08-03,39.0,Female,36440,62,Silver,Home & Kitchen,14,611.7,104,3.0,1
CUST1458,2024-09-03,32.0,Male,53849,38,Bronze,Home & Kitchen,4,247.27,63,4.0,0
CUST1459,2024-03-16,36.0,Female,51026,23,Bronze,Electronics,7,387.44,139,4.0,1
CUST1460,2024-06-02,41.0,Male,82355,22,Bronze,Electronics,4,324.49,162,2.0,1
CUST1461,2025-10-17,41.0,Female,98713,4,Silver,Beauty,3,275.76,70,3.0,0
CUST1462,2025-03-10,50.0,Male,97464,49,Gold,Clothing,8,770.76,103,3.0,0
CUST1463,2024-03-26,60.0,Female,21781,59,Gold,Home & Kitchen,12,407.74,88,3.0,1
CUST1464,2025-11-27,,Male,37070,73,Silver,Clothing,6,288.21,5,,0
CUST1465,2024-10-11,60.0,Prefer not to say,21691,68,Silver,Beauty,6,177.57,109,4.0,0
CUST1466,2024-08-07,49.0,Male,33430,71,Silver,Sports & Outdoors,12,536.55,111,2.0,1
CUST1467,2024-03-09,33.0,Female,41557,87,Gold,Sports & Outdoors,15,666.44,156,4.0,1
CUST1468,2024-02-16,52.0,Male,63504,2,Silver,Electronics,1,66.82,165,5.0,0
CUST1469,2024-04-03,55.0,Male,43768,49,Silver,Beauty,6,317.89,149,4.0,0
CUST1470,2025-03-28,29.0,Female,44258,88,Silver,Clothing,12,607.06,126,4.0,0
CUST1471,2024-07-22,55.0,Male,57950,95,Gold,Home & Kitchen,12,665.79,135,1.0,1
CUST1472,2024-08-05,47.0,Female,27198,31,Bronze,Clothing,6,182.71,62,5.0,0
CUST1473,2025-04-18,,Female,38530,40,Bronze,Electronics,6,289.28,140,3.0,1
CUST1474,2025-03-07,29.0,Female,44056,48,Silver,Sports & Outdoors,9,491.5,154,4.0,0
CUST1475,2024-12-06,30.0,Male,49695,51,Silver,Electronics,4,232.44,145,5.0,0
CUST1476,2025-07-04,18.0,Female,55571,43,Gold,Home & Kitchen,5,321.64,17,4.0,0
CUST1477,2025-09-03,41.0,Male,98213,98,Premium,Beauty,14,1336.18,76,4.0,0
CUST1478,2024-10-15,39.0,Female,77495,55,Silver,Beauty,8,666.17,141,3.0,0
CUST1479,2024-09-10,28.0,Female,39613,88,Silver,Electronics,13,645.98,138,1.0,0
CUST1480,2024-12-22,34.0,Female,48538,49,Silver,Clothing,8,418.01,102,4.0,0
CUST1481,2024-01-23,19.0,Female,47233,90,Silver,Beauty,12,683.2,116,1.0,1
CUST1482,2025-06-05,49.0,Female,43869,80,Silver,Clothing,11,583.42,16,4.0,0
CUST1483,2024-04-09,29.0,Male,60092,57,Silver,Clothing,9,660.95,178,1.0,1
CUST1484,2024-06-28,72.0,Female,25609,77,Silver,Clothing,11,475.61,13,5.0,0
CUST1485,2024-08-10,32.0,Male,76643,15,Silver,Clothing,4,313.63,56,2.0,0
CUST1486,2025-10-20,25.0,Female,106091,27,Silver,Beauty,2,202.64,92,4.0,0
CUST1487,2025-03-17,30.0,Female,48373,68,Gold,Clothing,10,631.06,133,4.0,0
CUST1488,2025-08-30,18.0,Female,47996,80,Silver,Home & Kitchen,14,808.56,113,,0
CUST1489,2024-11-20,40.0,Male,57380,64,Silver,Clothing,10,619.46,131,3.0,1
CUST1490,2025-05-30,29.0,Female,81015,94,Premium,Clothing,11,798.24,138,3.0,0
CUST1491,2024-01-16,48.0,Male,47331,30,Bronze,Electronics,10,506.65,108,3.0,1
CUST1492,2024-12-01,31.0,Male,78293,36,Gold,Clothing,10,761.19,118,3.0,0
CUST1493,2024-09-14,51.0,Male,65515,67,Gold,Clothing,12,826.37,91,,1
CUST1494,2025-05-11,44.0,Male,138591,86,Premium,Home & Kitchen,15,2003.78,10,4.0,0
CUST1495,2024-06-08,35.0,Male,47248,86,Gold,Clothing,12,698.76,98,2.0,0
CUST1496,2025-04-19,53.0,Female,24446,49,Bronze,Clothing,8,342.97,7,5.0,0
CUST1497,2025-10-25,46.0,Male,30377,76,Silver,Clothing,10,449.71,113,4.0,0
CUST1498,2025-11-20,,Male,54144,55,Silver,Electronics,11,589.79,148,2.0,1
CUST1499,2025-11-05,,Female,81291,85,Premium,Sports & Outdoors,19,1669.96,64,3.0,0
CUST1500,2025-01-14,35.0,Male,41507,56,Gold,Clothing,9,524.3,92,5.0,0
CUST1501,2025-06-28,53.0,Female,49132,68,Silver,Electronics,4,257.45,151,1.0,1
CUST1502,2025-11-21,18.0,Female,70868,95,Premium,Electronics,18,1223.86,157,4.0,0
CUST1503,2025-03-02,,Non-Binary,36627,44,Bronze,Sports & Outdoors,5,222.84,103,4.0,1
CUST1504,2025-09-04,40.0,Female,42198,31,Bronze,Electronics,12,659.64,98,2.0,1
CUST1505,2024-09-24,24.0,Female,33777,58,Silver,Beauty,13,485.63,83,4.0,0
CUST1506,2025-07-30,18.0,Female,86329,87,Premium,Electronics,15,1174.74,72,3.0,0
CUST1507,2025-02-20,26.0,Male,99838,53,Gold,Sports & Outdoors,2,199.54,144,3.0,0
CUST1508,2024-06-16,18.0,Female,28648,84,Silver,Beauty,12,425.94,58,4.0,0
CUST1509,2024-02-12,29.0,Male,50907,79,Silver,Home & Kitchen,17,837.51,30,4.0,1
CUST1510,2025-07-09,42.0,Female,94612,23,Silver,Electronics,4,399.96,63,5.0,0
CUST1511,2024-10-11,,Male,63203,28,Bronze,Clothing,7,479.44,47,4.0,0
CUST1512,2025-01-31,51.0,Female,44309,16,Bronze,Clothing,5,246.6,22,4.0,1
CUST1513,2024-01-12,54.0,Male,29032,37,Bronze,Clothing,6,11200.0,157,4.0,0
CUST1514,2025-08-29,50.0,Female,85461,21,Bronze,Clothing,8,696.72,54,,0
CUST1515,2024-10-28,,Male,62245,79,Silver,Electronics,12,833.38,6,4.0,0
CUST1516,2024-09-09,18.0,Female,29894,17,Bronze,Home & Kitchen,4,166.17,111,,0
CUST1517,2025-05-13,26.0,Female,86733,37,Gold,Clothing,6,478.1,105,1.0,0
CUST1518,2024-02-04,33.0,Male,28409,77,Silver,Clothing,15,615.88,97,4.0,1
CUST1519,2025-12-27,24.0,Female,49337,19,Bronze,Electronics,5,297.93,11,1.0,1
CUST1520,2024-03-30,33.0,Female,48474,30,Bronze,Sports & Outdoors,6,322.07,59,4.0,0
CUST1521,2025-08-27,54.0,Female,102949,45,Silver,Clothing,7,741.92,51,4.0,0
CUST1522,2025-08-24,18.0,Male,48543,18,Bronze,Beauty,4,204.77,154,5.0,1
CUST1523,2025-02-21,56.0,Male,48473,78,Gold,Clothing,12,742.17,139,2.0,1
CUST1524,2024-04-24,45.0,Male,31238,62,Gold,Electronics,15,625.4,140,4.0,0
CUST1525,2025-09-08,38.0,Male,41709,36,Silver,Clothing,6,283.66,71,2.0,0
CUST1526,2024-07-14,,Female,38860,100,Premium,Clothing,15,686.87,124,4.0,1
CUST1527,2025-05-15,24.0,Male,39677,84,Silver,Beauty,8,424.48,156,4.0,0
CUST1528,2025-09-17,18.0,Female,54022,52,Gold,Home & Kitchen,10,612.05,162,4.0,0
CUST1529,2025-05-07,55.0,Male,20352,19,Bronze,Clothing,8,281.48,59,4.0,0
CUST1530,2024-03-15,53.0,Female,29452,44,Bronze,Sports & Outdoors,9,404.25,156,5.0,0
CUST1531,2025-02-16,18.0,Female,51546,7,Silver,Clothing,1,55.33,30,1.0,1
CUST1532,2025-01-10,28.0,Female,56564,44,Silver,Sports & Outdoors,7,439.41,76,3.0,0
CUST1533,2025-02-23,40.0,Male,49082,68,Silver,Sports & Outdoors,7,383.46,75,4.0,0
CUST1534,2025-12-29,31.0,Male,53014,34,Bronze,Electronics,2,128.53,60,3.0,0
CUST1535,2024-10-03,18.0,Male,45752,66,Silver,Clothing,10,512.14,1,2.0,1
CUST1536,2025-11-06,27.0,Male,53489,69,Silver,Clothing,17,1016.83,160,4.0,0
CUST1537,2025-01-28,58.0,Male,64106,55,Silver,Home & Kitchen,7,559.3,120,3.0,1
CUST1538,2025-04-01,27.0,Male,63926,10,Bronze,Clothing,6,448.18,58,3.0,0
CUST1539,2024-07-10,33.0,Male,40906,96,Gold,Sports & Outdoors,13,570.86,39,4.0,0
CUST1540,2025-11-19,21.0,Female,77705,42,Silver,Home & Kitchen,6,505.58,176,,1
CUST1541,2024-04-08,42.0,Male,57381,41,Gold,Electronics,10,662.61,31,1.0,1
CUST1542,2025-07-01,36.0,Female,88214,77,Gold,Electronics,12,996.1,37,1.0,1
CUST1543,2024-04-05,26.0,Male,95586,69,Silver,Home & Kitchen,13,1223.36,91,5.0,0
CUST1544,2025-10-25,19.0,Female,30258,10,Bronze,Electronics,2,70.95,87,5.0,1
CUST1545,2025-10-24,51.0,Female,38216,10,Silver,Beauty,2,69.77,140,4.0,1
CUST1546,2024-07-08,18.0,Female,74612,91,Premium,Clothing,11,840.91,84,3.0,1
CUST1547,2024-02-06,41.0,Female,27686,60,Silver,Clothing,13,462.04,75,5.0,0
CUST1548,2025-01-03,18.0,Male,95102,51,Silver,Electronics,6,532.48,127,4.0,0
CUST1549,2025-11-25,,Female,46961,21,Silver,Home & Kitchen,5,270.43,12,4.0,0
CUST1550,2025-06-08,46.0,Male,67822,8,Bronze,Electronics,3,182.75,38,4.0,0
CUST1551,2024-10-05,48.0,Male,51435,65,Silver,Beauty,10,580.69,22,3.0,0
CUST1552,2024-08-04,33.0,Female,30874,92,Silver,Clothing,12,489.66,109,3.0,0
CUST1553,2024-09-29,54.0,Female,82195,78,Gold,Beauty,11,955.78,106,2.0,1
CUST1554,2024-03-02,62.0,Male,161931,85,Premium,Home & Kitchen,14,1986.97,91,3.0,0
CUST1555,2025-08-18,31.0,Female,43854,30,Silver,Electronics,3,186.73,141,4.0,0
CUST1556,2025-12-29,29.0,Female,47367,85,Gold,Beauty,11,695.77,144,5.0,0
CUST1557,2024-12-07,36.0,Male,18676,49,Silver,Electronics,9,240.28,23,4.0,0
CUST1558,2025-01-31,29.0,Male,92525,9,Bronze,Clothing,2,198.81,33,3.0,0
CUST1559,2025-11-29,27.0,Male,77601,17,Bronze,Electronics,5,419.76,178,1.0,1
CUST1560,2024-01-19,28.0,Male,26937,69,Gold,Beauty,9,317.25,111,1.0,0
CUST1561,2024-06-25,55.0,Male,23592,58,Silver,Sports & Outdoors,5,158.13,137,3.0,0
CUST1562,2025-09-03,44.0,Male,24709,57,Gold,Home & Kitchen,8,263.48,117,,0
CUST1563,2025-01-30,29.0,Male,69752,62,Silver,Clothing,10,872.59,148,4.0,0
CUST1564,2025-03-20,18.0,Female,72593,95,Gold,Beauty,12,987.54,164,,1
CUST1565,2024-08-20,,Female,37246,52,Gold,Electronics,10,450.24,6,5.0,0
CUST1566,2024-03-16,41.0,Prefer not to say,65797,61,Gold,Sports & Outdoors,6,415.49,89,3.0,0
CUST1567,2024-09-21,18.0,Male,57422,40,Gold,Electronics,11,737.98,12,4.0,0
CUST1568,2025-03-30,38.0,Female,46524,38,Bronze,Sports & Outdoors,8,462.31,79,4.0,1
CUST1569,2025-12-18,22.0,Female,79436,43,Gold,Home & Kitchen,8,611.3,29,2.0,0
CUST1570,2025-01-18,36.0,Female,33278,63,Silver,Beauty,12,530.63,158,4.0,0
CUST1571,2025-07-17,35.0,Male,85276,19,Bronze,Home & Kitchen,2,166.6,132,4.0,1
CUST1572,2025-05-20,36.0,Female,40264,100,Premium,Clothing,17,838.34,159,4.0,1
CUST1573,2025-01-01,30.0,Male,109892,50,Gold,Home & Kitchen,6,638.02,15,4.0,1
CUST1574,2024-05-23,29.0,Male,36044,33,Bronze,Electronics,6,300.75,149,1.0,1
CUST1575,2024-03-09,26.0,Female,46817,13,Silver,Home & Kitchen,1,52.67,171,4.0,1
CUST1576,2024-04-08,40.0,Female,55164,78,Silver,Home & Kitchen,9,554.05,39,5.0,0
CUST1577,2025-01-30,44.0,Male,55026,97,Gold,Beauty,19,977.83,36,1.0,1
CUST1578,2024-01-25,20.0,Non-Binary,65576,62,Silver,Clothing,4,285.06,77,3.0,0
CUST1579,2025-04-13,34.0,Female,32220,93,Gold,Electronics,5,189.79,15,5.0,0
CUST1580,2025-04-28,37.0,Female,53088,43,Silver,Clothing,5,258.27,42,3.0,0
CUST1581,2025-07-18,37.0,Female,56947,49,Gold,Home & Kitchen,11,749.12,62,4.0,0
CUST1582,2024-05-30,37.0,Male,43631,36,Bronze,Electronics,6,306.9,14,4.0,0
CUST1583,2024-05-23,30.0,Prefer not to say,63339,10,Silver,Clothing,2,114.79,171,4.0,0
CUST1584,2025-07-22,38.0,Female,31448,95,Silver,Beauty,15,559.33,136,3.0,0
CUST1585,2024-02-08,42.0,Male,47290,6,Bronze,Home & Kitchen,4,217.73,64,3.0,1
CUST1586,2024-04-18,36.0,Female,39869,57,Silver,Clothing,7,338.79,43,1.0,1
CUST1587,2025-11-23,41.0,Female,47347,1,Silver,Clothing,2,103.92,19,4.0,0
CUST1588,2024-02-11,46.0,Female,96129,71,Gold,Home & Kitchen,8,626.25,118,4.0,0
CUST1589,2024-07-04,18.0,Non-Binary,96879,58,Gold,Clothing,7,650.81,111,4.0,0
CUST1590,2025-02-01,,Female,89572,91,Premium,Home & Kitchen,10,949.98,122,4.0,0
CUST1591,2024-08-10,39.0,Female,44789,21,Silver,Electronics,5,296.68,160,2.0,1
CUST1592,2025-09-25,21.0,Female,77473,92,Gold,Beauty,17,1300.9,79,1.0,0
CUST1593,2024-05-12,44.0,Female,56363,80,Gold,Clothing,17,1213.56,99,4.0,0
CUST1594,2024-06-11,,Male,54878,56,Gold,Clothing,11,579.11,5,3.0,0
CUST1595,2024-08-02,31.0,Female,52244,87,Silver,Home & Kitchen,13,708.32,82,3.0,1
CUST1596,2024-08-22,28.0,Male,108880,20,Silver,Home & Kitchen,5,550.95,30,2.0,1
CUST1597,2025-10-19,38.0,Female,93057,54,Silver,Electronics,8,769.74,65,1.0,1
CUST1598,2025-08-10,25.0,Female,72591,25,Bronze,Beauty,5,377.22,17,3.0,0
CUST1599,2024-01-09,45.0,Female,50338,28,Bronze,Clothing,6,308.12,27,4.0,0
CUST1600,2024-03-14,33.0,Female,54746,5,Bronze,Sports & Outdoors,2,110.03,67,5.0,1
CUST1601,2025-05-06,30.0,Female,66627,21,Bronze,Beauty,5,334.47,113,5.0,1
CUST1602,2024-09-09,44.0,Male,43739,18,Bronze,Clothing,3,138.17,172,5.0,0
CUST1603,2024-08-17,31.0,Female,78430,47,Silver,Beauty,7,567.08,57,5.0,0
CUST1604,2025-06-02,46.0,Male,37277,70,Silver,Clothing,10,456.03,174,4.0,0
CUST1605,2024-06-22,46.0,Male,63030,57,Gold,Electronics,10,617.18,179,2.0,0
CUST1606,2025-10-14,18.0,Male,21563,93,Silver,Sports & Outdoors,13,405.53,163,4.0,1
CUST1607,2024-06-16,48.0,Female,43234,19,Silver,Home & Kitchen,4,151.12,128,2.0,1
CUST1608,2024-06-18,18.0,Female,123711,97,Premium,Clothing,14,1677.04,38,3.0,0
CUST1609,2025-01-27,49.0,Female,81561,65,Silver,Clothing,12,1038.61,105,2.0,0
CUST1610,2025-09-25,59.0,Male,99590,3,Silver,Clothing,2,186.87,0,4.0,0
CUST1611,2024-07-12,45.0,Female,41262,42,Bronze,Sports & Outdoors,12,545.44,74,3.0,0
CUST1612,2025-05-31,18.0,Male,56170,21,Bronze,Electronics,5,315.49,87,2.0,1
CUST1613,2024-01-29,47.0,Male,89988,99,Gold,Clothing,16,1448.34,141,3.0,1
CUST1614,2024-06-13,61.0,Female,69416,40,Silver,Clothing,8,613.7,150,5.0,0
CUST1615,2025-02-25,31.0,Male,66043,67,Silver,Clothing,11,727.68,170,4.0,1
CUST1616,2024-12-04,34.0,Male,103452,25,Silver,Clothing,5,489.54,149,5.0,0
CUST1617,2025-10-09,20.0,Male,35541,55,Silver,Electronics,7,304.6,59,2.0,1
CUST1618,2025-05-10,38.0,Male,50058,84,Silver,Electronics,14,719.38,154,2.0,1
CUST1619,2024-12-30,50.0,Female,26715,52,Silver,Clothing,7,252.35,129,4.0,0
CUST1620,2024-12-07,43.0,Male,34773,44,Bronze,Sports & Outdoors,8,309.83,166,3.0,0
CUST1621,2025-05-14,,Female,82810,98,Gold,Electronics,11,947.06,178,4.0,0
CUST1622,2025-10-18,35.0,Female,37335,85,Silver,Beauty,20,828.72,109,4.0,0
CUST1623,2025-05-25,18.0,Female,72319,56,Gold,Beauty,7,535.71,18,4.0,0
CUST1624,2024-11-22,37.0,Prefer not to say,104614,55,Silver,Beauty,13,1423.0,61,5.0,0
CUST1625,2024-08-04,18.0,Male,50184,87,Gold,Beauty,15,884.42,70,3.0,0
CUST1626,2024-10-27,28.0,Female,66342,70,Silver,Clothing,10,711.64,110,2.0,1
CUST1627,2024-05-11,54.0,Prefer not to say,72545,77,Gold,Electronics,8,549.09,132,4.0,0
CUST1628,2024-03-10,38.0,Male,33058,87,Silver,Clothing,18,890.88,71,2.0,1
CUST1629,2024-09-08,37.0,Non-Binary,42110,73,Gold,Clothing,13,723.71,77,3.0,1
CUST1630,2025-02-18,56.0,Male,36068,81,Gold,Home & Kitchen,15,664.12,99,2.0,1
CUST1631,2025-03-20,31.0,Male,43475,66,Silver,Home & Kitchen,8,394.47,70,3.0,1
CUST1632,2024-06-30,50.0,Male,71760,19,Silver,Beauty,4,282.92,6,2.0,1
CUST1633,2024-06-15,36.0,Female,42470,83,Silver,Electronics,16,949.42,49,1.0,1
CUST1634,2024-03-31,39.0,Female,53134,7,Bronze,Sports & Outdoors,4,252.79,45,4.0,0
CUST1635,2025-12-14,20.0,Female,35513,63,Gold,Clothing,13,530.43,71,4.0,0
CUST1636,2025-06-14,,Male,88010,42,Gold,Clothing,8,750.7,75,4.0,0
CUST1637,2024-02-08,18.0,Male,43329,42,Bronze,Clothing,5,289.02,73,4.0,1
CUST1638,2024-05-05,33.0,Male,99094,59,Silver,Beauty,6,584.83,141,2.0,1
CUST1639,2025-03-26,39.0,Male,55216,20,Silver,Clothing,2,118.58,72,3.0,1
CUST1640,2024-06-21,21.0,Female,30694,73,Gold,Sports & Outdoors,9,320.52,101,2.0,1
CUST1641,2025-10-14,59.0,Male,50323,17,Silver,Sports & Outdoors,4,241.89,93,4.0,0
CUST1642,2024-08-07,,Female,35225,27,Bronze,Beauty,6,253.31,68,4.0,0
CUST1643,2025-09-29,35.0,Female,68212,47,Silver,Electronics,9,625.51,64,2.0,0
CUST1644,2024-02-27,44.0,Male,48537,2,Silver,Beauty,1,55.39,61,3.0,0
CUST1645,2025-10-21,25.0,Female,57522,63,Silver,Beauty,6,353.07,19,5.0,0
CUST1646,2025-04-20,36.0,Male,46485,62,Silver,Electronics,10,613.8,153,4.0,1
CUST1647,2025-03-31,26.0,Male,43152,100,Premium,Electronics,7,390.6,43,4.0,0
CUST1648,2024-12-26,53.0,Male,36504,19,Bronze,Electronics,6,274.82,61,3.0,1
CUST1649,2024-01-01,22.0,Female,75291,17,Bronze,Electronics,6,440.92,106,2.0,1
CUST1650,2025-01-21,35.0,Male,50280,69,Gold,Clothing,18,952.45,124,,0
CUST1651,2024-12-13,38.0,Female,520000,39,Gold,Sports & Outdoors,1,200.0,44,4.0,0
CUST1652,2024-07-08,39.0,Female,49779,82,Silver,Clothing,22,1107.24,10,4.0,0
CUST1653,2025-05-19,28.0,Male,41072,71,Gold,Clothing,10,508.4,161,4.0,0
CUST1654,2024-07-09,24.0,Female,47576,81,Silver,Sports & Outdoors,12,617.21,87,4.0,0
CUST1655,2025-05-22,28.0,Female,58506,39,Silver,Clothing,10,602.57,45,4.0,0
CUST1656,2025-01-03,41.0,Male,35631,36,Bronze,Beauty,8,324.98,111,3.0,0
CUST1657,2025-02-12,33.0,Male,37755,40,Silver,Clothing,9,463.32,80,3.0,1
CUST1658,2024-04-26,44.0,Female,93522,45,Silver,Home & Kitchen,4,356.57,31,5.0,0
CUST1659,2024-05-13,40.0,Male,46608,4,Bronze,Clothing,1,60.19,97,3.0,1
CUST1660,2024-02-27,18.0,Female,43218,25,Bronze,Home & Kitchen,6,297.46,4,4.0,0
CUST1661,2025-07-09,37.0,Male,31479,69,Silver,Electronics,7,245.05,28,4.0,0
CUST1662,2025-11-15,62.0,Male,75728,30,Silver,Beauty,3,241.36,47,5.0,0
CUST1663,2025-11-02,50.0,Male,35322,76,Silver,Clothing,17,830.81,15,3.0,0
CUST1664,2024-06-21,40.0,Male,53558,68,Silver,Beauty,10,553.42,152,3.0,0
CUST1665,2024-05-28,22.0,Female,27210,88,Gold,Clothing,14,531.88,71,4.0,0
CUST1666,2024-03-20,40.0,Male,74750,29,Bronze,Electronics,4,315.54,28,4.0,0
CUST1667,2024-07-31,43.0,Female,86282,73,Silver,Home & Kitchen,9,786.42,179,4.0,0
CUST1668,2024-07-21,31.0,Female,65411,68,Silver,Electronics,11,739.4,45,3.0,0
CUST1669,2024-08-16,38.0,Female,29168,51,Silver,Beauty,7,306.0,152,3.0,1
CUST1670,2025-11-06,53.0,Female,75368,24,Bronze,Sports & Outdoors,7,535.86,22,4.0,0
CUST1671,2024-08-14,24.0,Male,38704,14,Bronze,Beauty,2,88.45,161,5.0,1
CUST1672,2025-10-20,22.0,Male,33733,69,Silver,Electronics,11,377.14,93,5.0,0
CUST1673,2025-06-15,43.0,Female,46224,18,Silver,Home & Kitchen,7,313.19,113,2.0,1
CUST1674,2025-03-16,40.0,Male,45857,42,Silver,Home & Kitchen,6,325.76,33,3.0,0
CUST1675,2025-02-05,47.0,Female,44029,57,Silver,Beauty,5,256.53,159,3.0,1
CUST1676,2024-02-16,41.0,Male,89689,83,Gold,Electronics,19,1789.38,116,5.0,0
CUST1677,2024-08-20,28.0,Female,120495,12,Silver,Clothing,2,242.13,28,4.0,1
CUST1678,2024-10-31,40.0,Female,31162,82,Silver,Clothing,14,556.4,8,3.0,0
CUST1679,2025-06-09,21.0,Female,40909,17,Bronze,Electronics,2,107.67,38,1.0,1
CUST1680,2024-05-22,31.0,Female,57053,30,Bronze,Clothing,6,358.41,134,4.0,1
CUST1681,2025-02-18,41.0,Female,46126,88,Gold,Clothing,13,684.96,109,1.0,1
CUST1682,2025-05-27,30.0,Female,63221,75,Silver,Beauty,12,801.5,68,4.0,0
CUST1683,2025-01-07,64.0,Female,77732,99,Gold,Sports & Outdoors,15,1315.08,135,4.0,1
CUST1684,2025-07-19,18.0,Male,72721,23,Bronze,Home & Kitchen,5,346.04,95,3.0,1
CUST1685,2024-09-15,28.0,Male,68770,81,Silver,Clothing,13,943.85,118,3.0,0
CUST1686,2025-10-17,23.0,Male,104639,1,Bronze,Clothing,2,197.44,117,5.0,0
CUST1687,2025-04-15,26.0,Non-Binary,28539,79,Gold,Sports & Outdoors,16,596.6,17,3.0,0
CUST1688,2024-01-12,27.0,Male,97409,32,Gold,Sports & Outdoors,5,472.33,101,2.0,0
CUST1689,2024-11-25,19.0,Female,45681,9,Silver,Sports & Outdoors,6,320.57,109,5.0,0
CUST1690,2024-12-23,44.0,Female,73768,15,Silver,Beauty,1,83.21,81,4.0,1
CUST1691,2025-02-11,28.0,Female,35695,28,Bronze,Clothing,3,162.77,176,4.0,0
CUST1692,2025-10-29,36.0,Female,37467,24,Bronze,Beauty,4,198.02,104,2.0,1
CUST1693,2025-01-07,29.0,Male,70226,60,Silver,Clothing,9,617.63,15,2.0,1
CUST1694,2024-01-08,26.0,Female,24913,35,Bronze,Clothing,5,174.44,20,1.0,1
CUST1695,2024-05-01,55.0,Female,80050,86,Premium,Home & Kitchen,15,1245.17,137,2.0,1
CUST1696,2024-12-13,46.0,Male,89198,27,Silver,Electronics,8,698.38,105,4.0,0
CUST1697,2025-11-06,18.0,Male,57858,83,Gold,Electronics,8,494.64,131,2.0,1
CUST1698,2024-03-30,18.0,Female,57030,76,Silver,Clothing,14,870.37,43,4.0,0
CUST1699,2025-10-09,47.0,Female,38606,20,Silver,Clothing,4,204.13,122,3.0,0
CUST1700,2025-11-28,28.0,Male,70574,65,Gold,Beauty,12,917.55,135,3.0,0
CUST1701,2024-11-11,18.0,Female,61926,85,Gold,Electronics,15,953.31,110,5.0,0
CUST1702,2024-06-26,47.0,Female,37273,49,Gold,Electronics,8,392.2,116,2.0,0
CUST1703,2025-06-23,37.0,Male,46076,1,Bronze,Electronics,1,62.02,125,3.0,1
CUST1704,2024-02-10,38.0,Prefer not to say,50559,10,Silver,Electronics,8,396.54,18,3.0,1
CUST1705,2025-12-04,44.0,Female,46051,47,Gold,Electronics,8,409.51,63,2.0,0
CUST1706,2025-05-16,19.0,Female,31240,59,Gold,Home & Kitchen,6,230.8,39,3.0,0
CUST1707,2024-05-24,18.0,Female,71271,96,Premium,Clothing,10,747.92,50,3.0,0
CUST1708,2024-07-19,53.0,Male,48885,62,Gold,Beauty,7,326.33,136,4.0,1
CUST1709,2025-12-24,18.0,Male,54218,86,Gold,Sports & Outdoors,12,803.85,157,4.0,1
CUST1710,2025-04-05,20.0,Male,42758,18,Bronze,Home & Kitchen,5,254.33,55,4.0,0
CUST1711,2025-07-11,22.0,Male,65169,46,Gold,Electronics,5,353.99,80,1.0,1
CUST1712,2025-06-30,59.0,Male,58344,32,Bronze,Electronics,9,580.78,171,4.0,1
CUST1713,2024-09-09,40.0,Female,87531,27,Silver,Beauty,7,597.52,142,1.0,1
CUST1714,2025-01-24,46.0,Female,65308,92,Gold,Clothing,18,1312.5,69,4.0,0
CUST1715,2025-08-16,37.0,Female,49690,18,Bronze,Beauty,5,282.17,127,4.0,1
CUST1716,2024-09-12,27.0,Female,40084,39,Bronze,Beauty,7,265.86,125,2.0,1
CUST1717,2025-12-09,42.0,Female,76192,49,Silver,Sports & Outdoors,9,701.57,60,,0
CUST1718,2025-03-25,18.0,Male,48127,93,Premium,Sports & Outdoors,12,644.62,79,5.0,0
CUST1719,2024-01-10,21.0,Male,50309,82,Silver,Home & Kitchen,11,664.49,120,4.0,0
CUST1720,2024-08-29,43.0,Female,50304,44,Silver,Clothing,8,563.42,100,3.0,0
CUST1721,2024-09-07,18.0,Female,45889,72,Gold,Sports & Outdoors,14,771.81,150,4.0,0
CUST1722,2024-01-05,32.0,Male,50656,54,Gold,Clothing,10,678.12,76,5.0,0
CUST1723,2024-04-28,33.0,Female,116438,95,Premium,Electronics,14,1520.41,174,3.0,1
CUST1724,2025-01-08,28.0,Male,35436,34,Silver,Home & Kitchen,9,372.77,144,4.0,1
CUST1725,2024-03-05,18.0,Female,38903,71,Gold,Home & Kitchen,14,646.62,125,1.0,1
CUST1726,2024-05-25,27.0,Female,93748,36,Silver,Beauty,7,666.75,179,1.0,1
CUST1727,2024-08-11,25.0,Female,46384,18,Bronze,Home & Kitchen,4,201.8,21,4.0,0
CUST1728,2024-08-26,36.0,Non-Binary,44998,38,Silver,Clothing,10,444.39,82,4.0,0
CUST1729,2024-06-25,36.0,Female,81518,59,Silver,Sports & Outdoors,12,996.56,166,4.0,1
CUST1730,2024-10-08,39.0,Female,30532,9,Bronze,Beauty,3,104.19,140,5.0,1
CUST1731,2024-03-03,26.0,Female,74848,73,Gold,Home & Kitchen,10,829.52,77,,0
CUST1732,2024-08-04,41.0,Female,54879,72,Silver,Clothing,10,639.52,94,2.0,0
CUST1733,2025-11-19,18.0,Female,64897,51,Gold,Clothing,9,587.55,108,5.0,0
CUST1734,2025-04-05,18.0,Male,64411,35,Silver,Home & Kitchen,5,354.77,109,2.0,0
CUST1735,2025-09-01,18.0,Male,41916,82,Silver,Electronics,13,613.46,51,4.0,0
CUST1736,2024-04-14,29.0,Female,82052,5,Bronze,Clothing,2,166.23,102,4.0,0
CUST1737,2024-04-08,25.0,Male,43242,14,Bronze,Home & Kitchen,2,101.65,100,1.0,1
CUST1738,2025-05-25,44.0,Male,63460,92,Gold,Clothing,15,993.08,141,3.0,0
CUST1739,2025-01-19,27.0,Non-Binary,88409,30,Gold,Clothing,8,742.62,62,4.0,0
CUST1740,2025-02-08,38.0,Female,93545,4,Silver,Electronics,2,174.72,27,5.0,0
CUST1741,2025-06-01,44.0,Female,48425,39,Silver,Clothing,4,232.16,45,4.0,0
CUST1742,2025-04-20,26.0,Male,64853,84,Silver,Beauty,7,493.97,27,4.0,0
CUST1743,2025-12-09,38.0,Male,46669,64,Gold,Clothing,11,515.55,1,,0
CUST1744,2025-10-06,47.0,Male,146701,25,Silver,Electronics,5,666.39,126,3.0,0
CUST1745,2025-03-12,20.0,Male,73621,28,Bronze,Home & Kitchen,7,496.17,16,2.0,0
CUST1746,2024-01-23,35.0,Male,55729,76,Silver,Sports & Outdoors,10,596.09,58,3.0,0
CUST1747,2025-07-18,26.0,Male,61063,66,Silver,Home & Kitchen,10,661.28,179,1.0,1
CUST1748,2025-11-07,20.0,Female,63416,78,Silver,Electronics,10,632.05,131,,0
CUST1749,2025-12-14,18.0,Female,64172,22,Bronze,Clothing,7,513.26,76,3.0,0
CUST1750,2025-04-02,,Male,48954,31,Bronze,Beauty,5,305.42,130,3.0,0
CUST1751,2024-03-23,35.0,Male,46023,23,Silver,Electronics,5,297.62,114,1.0,1
CUST1752,2024-05-24,,Female,50711,48,Silver,Home & Kitchen,10,436.69,164,4.0,0
CUST1753,2024-03-25,28.0,Male,34158,20,Bronze,Clothing,4,212.82,96,4.0,1
CUST1754,2024-03-18,44.0,Female,71822,38,Silver,Electronics,7,529.77,104,1.0,1
CUST1755,2025-04-01,40.0,Male,39103,55,Silver,Beauty,7,334.76,23,5.0,0
CUST1756,2024-01-01,28.0,Male,35265,68,Gold,Home & Kitchen,14,614.29,34,1.0,0
CUST1757,2024-02-20,55.0,Male,53578,79,Silver,Home & Kitchen,12,636.51,1,5.0,0
CUST1758,2025-11-15,,Male,51153,88,Gold,Electronics,10,594.26,32,1.0,0
CUST1759,2025-12-17,35.0,Female,59545,89,Premium,Electronics,12,872.17,75,5.0,0
CUST1760,2025-03-21,18.0,Female,42931,1,Bronze,Home & Kitchen,3,154.64,85,1.0,0
CUST1761,2025-03-24,45.0,Female,46056,7,Silver,Home & Kitchen,3,143.41,137,4.0,1
CUST1762,2025-05-02,18.0,Male,71074,57,Silver,Electronics,8,532.81,80,3.0,0
CUST1763,2024-02-03,52.0,Female,69364,95,Gold,Electronics,13,927.33,61,4.0,0
CUST1764,2024-12-13,48.0,Female,68217,12,Bronze,Electronics,1,68.13,42,3.0,0
CUST1765,2024-04-04,56.0,Female,54623,5,Bronze,Sports & Outdoors,2,128.06,120,1.0,1
CUST1766,2024-03-12,38.0,Male,57653,50,Silver,Beauty,8,559.17,58,4.0,0
CUST1767,2025-07-04,30.0,Male,59089,42,Silver,Sports & Outdoors,6,399.53,8,,0
CUST1768,2024-06-02,29.0,Female,41449,12,Silver,Electronics,1,49.12,76,5.0,0
CUST1769,2024-09-06,28.0,Female,97173,18,Silver,Sports & Outdoors,7,667.2,62,1.0,1
CUST1770,2025-11-04,46.0,Male,91791,66,Gold,Electronics,11,1010.33,51,3.0,0
CUST1771,2025-03-13,43.0,Male,74038,74,Silver,Clothing,9,638.09,22,4.0,0
CUST1772,2024-04-27,36.0,Female,45446,79,Gold,Beauty,12,670.6,29,3.0,0
CUST1773,2024-11-01,26.0,Female,66856,94,Premium,Clothing,11,718.4,170,2.0,1
CUST1774,2024-09-24,66.0,Male,79697,17,Silver,Clothing,3,260.99,20,4.0,0
CUST1775,2024-02-23,45.0,Female,33036,68,Gold,Electronics,4,162.86,42,4.0,0
CUST1776,2024-08-23,18.0,Female,106132,71,Premium,Electronics,21,2259.54,134,5.0,1
CUST1777,2025-01-23,28.0,Non-Binary,26873,62,Silver,Home & Kitchen,16,480.45,15,3.0,0
CUST1778,2025-02-04,46.0,Female,71430,41,Gold,Home & Kitchen,4,314.58,22,4.0,0
CUST1779,2025-09-15,25.0,Male,96370,95,Gold,Beauty,19,1940.3,86,3.0,0
CUST1780,2024-10-29,39.0,Female,51503,34,Silver,Home & Kitchen,6,309.07,30,3.0,0
CUST1781,2024-07-25,46.0,Male,50739,70,Silver,Home & Kitchen,11,623.86,120,4.0,0
CUST1782,2024-08-16,18.0,Female,70382,45,Silver,Electronics,12,903.91,68,3.0,0
CUST1783,2025-07-31,33.0,Female,113028,58,Silver,Electronics,6,666.66,133,,0
CUST1784,2024-03-15,34.0,Male,48156,51,Gold,Sports & Outdoors,13,694.62,114,3.0,0
CUST1785,2025-03-10,30.0,Female,39429,34,Bronze,Electronics,7,316.95,58,4.0,0
CUST1786,2024-04-12,38.0,Non-Binary,45484,44,Silver,Home & Kitchen,12,650.04,155,5.0,1
CUST1787,2025-02-25,42.0,Male,28958,15,Silver,Electronics,3,122.68,145,4.0,1
CUST1788,2025-12-04,36.0,Female,77168,78,Gold,Home & Kitchen,11,837.87,76,3.0,0
CUST1789,2024-11-01,30.0,Female,43870,70,Silver,Home & Kitchen,16,758.93,137,4.0,0
CUST1790,2024-04-07,42.0,Female,49578,50,Silver,Electronics,10,623.72,6,4.0,0
CUST1791,2024-11-30,35.0,Male,77535,32,Gold,Clothing,7,561.06,36,1.0,1
CUST1792,2025-03-10,32.0,Male,46345,67,Gold,Home & Kitchen,11,464.89,172,1.0,1
CUST1793,2025-03-22,19.0,Male,73004,3,Bronze,Clothing,1,81.92,85,1.0,1
CUST1794,2024-11-03,18.0,Female,35575,86,Gold,Electronics,20,833.2,15,3.0,0
CUST1795,2024-09-05,19.0,Male,79073,86,Gold,Home & Kitchen,18,1462.1,115,4.0,0
CUST1796,2024-06-14,38.0,Non-Binary,61784,74,Gold,Electronics,10,683.61,117,,1
CUST1797,2025-04-25,34.0,Male,52010,51,Gold,Beauty,16,814.77,13,3.0,0
CUST1798,2024-11-30,18.0,Female,56783,67,Silver,Clothing,8,487.0,138,5.0,1
CUST1799,2025-06-25,42.0,Male,32206,76,Silver,Electronics,16,774.82,86,4.0,0
CUST1800,2024-04-15,51.0,Male,56265,93,Premium,Home & Kitchen,9,606.01,161,4.0,0
CUST1801,2025-07-16,27.0,Male,50917,48,Gold,Clothing,3,167.94,103,3.0,1
CUST1802,2024-03-21,18.0,Male,32560,17,Bronze,Clothing,8,365.7,140,2.0,1
CUST1803,2024-05-12,,Female,41200,7,Bronze,Clothing,3,160.71,166,1.0,1
CUST1804,2024-05-17,45.0,Female,51171,13,Bronze,Clothing,5,308.13,43,2.0,1
CUST1805,2024-07-02,,Female,42265,66,Silver,Clothing,7,311.43,27,3.0,0
CUST1806,2025-02-04,23.0,Non-Binary,20533,4,Silver,Electronics,5,201.58,167,4.0,1
CUST1807,2024-11-25,53.0,Female,82883,10,Bronze,Clothing,1,81.75,15,1.0,1
CUST1808,2025-05-22,51.0,Female,50909,88,Gold,Clothing,14,811.59,49,2.0,0
CUST1809,2024-03-09,26.0,Female,21699,17,Bronze,Home & Kitchen,4,125.3,114,2.0,1
CUST1810,2025-06-29,26.0,Female,126579,52,Silver,Home & Kitchen,16,1946.1,155,4.0,1
CUST1811,2024-02-22,27.0,Male,88538,6,Bronze,Clothing,1,84.46,67,4.0,0
CUST1812,2025-03-25,28.0,Female,46865,83,Gold,Beauty,15,793.93,91,4.0,0
CUST1813,2024-07-23,46.0,Male,38470,69,Gold,Beauty,7,335.8,120,3.0,0
CUST1814,2024-05-05,40.0,Female,63317,96,Premium,Home & Kitchen,12,886.65,139,3.0,1
CUST1815,2024-02-12,45.0,Female,58429,74,Gold,Home & Kitchen,7,484.47,15,1.0,1
CUST1816,2024-04-20,43.0,Male,66934,9,Bronze,Clothing,1,76.55,52,2.0,1
CUST1817,2025-10-24,55.0,Male,38514,91,Gold,Beauty,18,925.89,48,5.0,0
CUST1818,2024-07-01,22.0,Female,83595,77,Gold,Electronics,6,563.38,163,5.0,0
CUST1819,2024-04-04,39.0,Female,44589,83,Gold,Clothing,11,557.77,61,4.0,0
CUST1820,2025-01-08,18.0,Male,70752,21,Bronze,Home & Kitchen,4,292.68,83,5.0,0
CUST1821,2025-06-03,19.0,Female,39177,24,Bronze,Electronics,7,326.57,153,4.0,1
CUST1822,2024-12-25,34.0,Female,155421,4,Gold,Electronics,3,432.64,55,1.0,1
CUST1823,2025-11-26,40.0,Female,71171,24,Bronze,Home & Kitchen,4,268.51,119,5.0,0
CUST1824,2024-10-07,33.0,Non-Binary,170814,59,Gold,Home & Kitchen,7,1110.68,89,1.0,1
CUST1825,2024-07-13,28.0,Female,75032,99,Premium,Home & Kitchen,16,1280.11,149,4.0,0
CUST1826,2024-07-13,30.0,Male,43047,3,Bronze,Beauty,2,99.17,119,3.0,1
CUST1827,2025-10-28,51.0,Female,75086,68,Gold,Electronics,11,756.63,72,3.0,0
CUST1828,2024-04-02,30.0,Female,77255,40,Silver,Electronics,6,476.92,68,,1
CUST1829,2025-11-02,55.0,Male,62565,48,Gold,Home & Kitchen,10,606.64,176,3.0,1
CUST1830,2024-03-01,44.0,Male,69341,54,Silver,Clothing,10,749.21,97,3.0,0
CUST1831,2025-09-25,40.0,Male,73081,35,Silver,Home & Kitchen,5,382.49,1,3.0,0
CUST1832,2024-02-20,20.0,Female,36212,95,Gold,Electronics,5,231.32,52,3.0,0
CUST1833,2025-02-06,46.0,Female,35196,56,Silver,Clothing,8,312.2,118,5.0,0
CUST1834,2024-01-05,29.0,Female,39220,89,Gold,Clothing,15,809.87,6,4.0,0
CUST1835,2025-04-10,20.0,Non-Binary,56707,40,Gold,Home & Kitchen,8,504.86,147,3.0,1
CUST1836,2025-08-26,41.0,Female,49284,77,Silver,Clothing,8,411.99,157,2.0,1
CUST1837,2025-11-12,18.0,Male,36476,68,Silver,Clothing,6,289.77,74,4.0,1
CUST1838,2025-06-17,25.0,Male,73479,46,Silver,Clothing,6,460.33,94,2.0,0
CUST1839,2025-02-08,34.0,Male,60346,78,Silver,Electronics,11,819.2,2,2.0,0
CUST1840,2025-05-27,61.0,Male,57653,13,Silver,Electronics,6,361.68,78,3.0,0
CUST1841,2025-10-06,26.0,Female,48603,27,Bronze,Clothing,5,246.32,16,5.0,0
CUST1842,2024-08-20,29.0,Female,46320,6,Bronze,Clothing,1,55.05,111,2.0,1
CUST1843,2025-06-07,43.0,Male,38488,17,Bronze,Clothing,7,364.94,51,2.0,0
CUST1844,2024-12-11,20.0,Female,78286,36,Silver,Clothing,4,367.41,6,3.0,0
CUST1845,2024-02-15,40.0,Female,40669,99,Gold,Home & Kitchen,14,923.77,111,3.0,0
CUST1846,2025-06-29,49.0,Male,58594,81,Gold,Beauty,10,560.68,132,4.0,1
CUST1847,2024-03-18,31.0,Male,104761,2,Silver,Clothing,7,711.37,53,3.0,0
CUST1848,2025-12-30,47.0,Female,47180,77,Gold,Electronics,10,480.96,60,3.0,0
CUST1849,2024-03-13,38.0,Male,79135,52,Gold,Electronics,10,797.09,108,2.0,1
CUST1850,2024-09-05,26.0,Non-Binary,67651,66,Silver,Home & Kitchen,7,586.33,15,2.0,1
CUST1851,2024-02-16,32.0,Male,61036,52,Gold,Clothing,8,494.12,46,4.0,0
CUST1852,2024-04-30,30.0,Male,64008,92,Gold,Electronics,8,545.84,47,5.0,0
CUST1853,2024-08-01,33.0,Female,51879,43,Silver,Home & Kitchen,11,608.61,120,2.0,1
CUST1854,2024-08-26,36.0,Prefer not to say,54641,90,Premium,Electronics,17,943.8,63,2.0,0
CUST1855,2024-02-25,42.0,Male,43277,22,Bronze,Home & Kitchen,7,420.2,49,1.0,1
CUST1856,2024-12-15,41.0,Male,54787,55,Gold,Clothing,4,211.84,40,4.0,0
CUST1857,2024-04-16,18.0,Male,42640,67,Silver,Home & Kitchen,8,400.97,21,4.0,0
CUST1858,2024-02-17,33.0,Male,80571,99,Premium,Electronics,8,660.66,114,3.0,0
CUST1859,2025-07-26,18.0,Male,27305,60,Silver,Beauty,16,601.42,4,4.0,0
CUST1860,2024-12-02,31.0,Female,65320,58,Silver,Home & Kitchen,12,814.26,144,4.0,0
CUST1861,2024-01-26,33.0,Male,61652,12,Silver,Electronics,10,744.48,100,5.0,0
CUST1862,2024-09-13,46.0,Male,59459,88,Gold,Electronics,18,971.82,77,1.0,0
CUST1863,2024-01-08,34.0,Female,81181,69,Silver,Clothing,6,509.0,40,2.0,0
CUST1864,2025-09-16,38.0,Male,48059,84,Silver,Beauty,14,804.36,91,1.0,1
CUST1865,2024-09-09,44.0,Male,59683,39,Gold,Beauty,4,264.68,162,5.0,1
CUST1866,2025-11-22,,Male,27119,13,Bronze,Clothing,3,100.33,167,4.0,1
CUST1867,2025-12-19,33.0,Non-Binary,45638,41,Bronze,Beauty,5,295.28,21,4.0,0
CUST1868,2024-10-29,36.0,Male,75881,57,Gold,Electronics,7,588.06,175,1.0,1
CUST1869,2025-09-30,35.0,Female,31538,53,Gold,Electronics,6,221.71,52,3.0,1
CUST1870,2024-02-25,28.0,Female,57442,12,Silver,Sports & Outdoors,4,227.52,92,3.0,1
CUST1871,2025-12-26,25.0,Male,41094,13,Silver,Beauty,6,253.74,9,4.0,1
CUST1872,2025-06-09,18.0,Prefer not to say,51546,74,Silver,Clothing,8,472.66,145,3.0,0
CUST1873,2025-04-18,22.0,Male,42090,97,Premium,Beauty,17,855.25,48,1.0,1
CUST1874,2024-01-28,18.0,Male,32720,57,Silver,Sports & Outdoors,8,323.69,70,4.0,0
CUST1875,2024-03-18,50.0,Female,62883,40,Silver,Beauty,10,778.09,157,3.0,1
CUST1876,2024-08-03,37.0,Female,52828,80,Gold,Beauty,13,737.33,18,3.0,0
CUST1877,2025-01-20,33.0,Female,68850,45,Gold,Beauty,12,879.75,54,2.0,0
CUST1878,2024-12-30,26.0,Male,74043,35,Silver,Electronics,7,530.12,20,4.0,0
CUST1879,2025-10-27,35.0,Female,87969,3,Bronze,Beauty,1,98.12,25,4.0,1
CUST1880,2025-06-09,24.0,Female,56842,5,Bronze,Electronics,5,262.1,27,5.0,0
CUST1881,2025-11-29,37.0,Male,89508,90,Gold,Beauty,12,1056.49,166,3.0,0
CUST1882,2024-11-07,37.0,Male,36473,11,Bronze,Clothing,4,193.86,160,5.0,0
CUST1883,2024-01-07,24.0,Male,77514,71,Silver,Home & Kitchen,12,941.8,39,5.0,0
CUST1884,2024-01-03,24.0,Male,64756,56,Silver,Clothing,6,374.65,28,4.0,0
CUST1885,2025-09-14,46.0,Female,59152,10,Bronze,Electronics,1,65.18,19,5.0,0
CUST1886,2024-12-28,34.0,Male,64378,34,Bronze,Clothing,10,605.42,19,3.0,0
CUST1887,2025-05-22,25.0,Prefer not to say,36693,67,Gold,Sports & Outdoors,12,587.14,73,3.0,0
CUST1888,2024-09-30,30.0,Male,33387,72,Silver,Sports & Outdoors,8,326.05,139,1.0,1
CUST1889,2025-05-20,22.0,Female,106784,31,Gold,Clothing,9,909.71,119,4.0,0
CUST1890,2024-01-15,34.0,Male,50369,75,Gold,Sports & Outdoors,5,311.02,96,4.0,0
CUST1891,2024-07-10,,Male,50083,71,Gold,Beauty,7,362.04,119,4.0,0
CUST1892,2025-09-22,34.0,Male,34672,66,Gold,Home & Kitchen,9,325.63,24,2.0,1
CUST1893,2025-04-29,63.0,Male,29790,70,Gold,Electronics,18,634.91,152,3.0,1
CUST1894,2024-01-28,40.0,Female,52016,41,Silver,Sports & Outdoors,8,548.65,3,2.0,0
CUST1895,2025-12-14,37.0,Prefer not to say,47004,63,Gold,Home & Kitchen,7,344.06,3,4.0,0
CUST1896,2024-02-08,24.0,Female,53924,32,Silver,Beauty,6,370.59,136,2.0,1
CUST1897,2024-09-29,32.0,Male,55798,20,Bronze,Beauty,2,131.43,142,5.0,1
CUST1898,2024-08-18,25.0,Male,145863,57,Gold,Beauty,10,1318.54,25,2.0,1
CUST1899,2024-03-26,18.0,Male,47061,98,Premium,Home & Kitchen,9,445.73,78,3.0,1
CUST1900,2025-04-18,46.0,Female,101378,50,Gold,Clothing,4,401.53,89,5.0,0
CUST1901,2024-05-05,28.0,Female,103927,80,Gold,Clothing,16,1643.72,70,3.0,0
CUST1902,2025-06-20,25.0,Non-Binary,72845,25,Bronze,Clothing,9,741.98,159,1.0,1
CUST1903,2024-05-24,37.0,Male,49049,12,Silver,Electronics,3,156.08,75,3.0,0
CUST1904,2025-06-08,41.0,Female,31258,71,Silver,Home & Kitchen,10,391.62,98,1.0,1
CUST1905,2024-07-30,31.0,Female,65239,39,Gold,Home & Kitchen,6,501.35,179,5.0,1
CUST1906,2024-01-25,34.0,Female,80996,17,Silver,Beauty,3,220.6,126,4.0,1
CUST1907,2025-08-02,43.0,Female,108414,45,Gold,Electronics,9,858.21,31,3.0,0
CUST1908,2025-01-28,30.0,Female,36851,11,Bronze,Clothing,1,38.79,8,4.0,0
CUST1909,2024-03-07,38.0,Female,48885,70,Gold,Electronics,14,857.44,77,1.0,1
CUST1910,2024-08-20,18.0,Male,36941,23,Silver,Electronics,7,305.15,12,4.0,0
CUST1911,2024-04-18,20.0,Female,41824,91,Gold,Electronics,10,476.6,123,5.0,1
CUST1912,2024-05-25,42.0,Male,70290,70,Silver,Home & Kitchen,13,893.74,171,5.0,0
CUST1913,2024-04-20,19.0,Female,41065,38,Bronze,Electronics,6,322.88,95,3.0,0
CUST1914,2024-08-15,,Male,38751,2,Silver,Home & Kitchen,1,40.45,82,,1
CUST1915,2024-04-20,33.0,Female,74119,86,Gold,Electronics,12,886.3,157,1.0,1
CUST1916,2025-04-14,30.0,Female,64533,84,Silver,Beauty,13,833.94,143,4.0,0
CUST1917,2024-02-03,25.0,Female,61984,89,Premium,Beauty,17,905.96,139,4.0,0
CUST1918,2025-09-14,45.0,Female,41501,79,Gold,Sports & Outdoors,10,471.93,17,3.0,0
CUST1919,2025-01-03,55.0,Female,90386,93,Gold,Beauty,16,1440.41,140,5.0,1
CUST1920,2025-08-17,38.0,Female,54199,72,Silver,Sports & Outdoors,9,506.59,92,2.0,1
CUST1921,2025-07-07,38.0,Female,139625,37,Silver,Beauty,10,1300.13,23,1.0,1
CUST1922,2025-02-28,26.0,Female,57475,49,Gold,Home & Kitchen,7,431.78,101,1.0,1
CUST1923,2025-09-04,20.0,Male,21190,52,Silver,Electronics,12,383.92,139,2.0,0
CUST1924,2025-06-01,34.0,Non-Binary,20816,33,Bronze,Clothing,6,162.46,59,1.0,1
CUST1925,2025-11-22,23.0,Female,69162,22,Bronze,Electronics,5,335.39,59,4.0,0
CUST1926,2024-10-08,18.0,Female,90656,5,Silver,Home & Kitchen,3,272.34,99,3.0,1
CUST1927,2024-11-15,44.0,Male,39383,18,Bronze,Clothing,2,80.88,0,2.0,1
CUST1928,2025-03-18,45.0,Male,124870,38,Silver,Beauty,9,1061.89,42,4.0,0
CUST1929,2024-11-10,24.0,Female,104803,37,Silver,Sports & Outdoors,9,994.62,54,2.0,1
CUST1930,2025-01-11,37.0,Male,58621,94,Premium,Clothing,16,1018.51,167,4.0,1
CUST1931,2024-10-15,47.0,Female,66864,95,Premium,Clothing,14,862.22,33,3.0,1
CUST1932,2025-03-12,37.0,Female,77068,64,Gold,Sports & Outdoors,10,801.22,33,4.0,0
CUST1933,2025-10-23,20.0,Male,114764,10,Silver,Clothing,1,114.73,175,5.0,0
CUST1934,2024-10-03,32.0,Female,70791,79,Silver,Beauty,13,910.21,160,1.0,1
CUST1935,2025-12-10,50.0,Female,58093,42,Gold,Electronics,5,309.58,157,4.0,0
CUST1936,2025-08-04,37.0,Female,70513,48,Silver,Home & Kitchen,9,624.35,109,5.0,0
CUST1937,2025-05-17,41.0,Female,66808,44,Silver,Clothing,9,615.26,83,4.0,0
CUST1938,2025-09-15,39.0,Male,77995,82,Gold,Beauty,13,996.69,89,3.0,1
CUST1939,2025-05-30,24.0,Female,28756,87,Silver,Home & Kitchen,8,329.13,78,3.0,1
CUST1940,2024-12-15,27.0,Male,61143,97,Premium,Electronics,14,1039.41,70,4.0,0
CUST1941,2025-03-21,39.0,Female,64784,16,Bronze,Electronics,7,484.91,70,5.0,0
CUST1942,2024-12-15,44.0,Female,52339,54,Gold,Clothing,5,254.54,113,1.0,0
CUST1943,2025-08-29,48.0,Male,73740,35,Silver,Sports & Outdoors,4,356.39,28,1.0,0
CUST1944,2025-10-25,24.0,Female,116204,98,Gold,Beauty,19,2180.27,150,3.0,1
CUST1945,2024-05-16,40.0,Female,56949,28,Silver,Clothing,5,331.95,161,2.0,0
CUST1946,2024-08-30,49.0,Male,71063,2,Bronze,Clothing,2,147.8,142,3.0,1
CUST1947,2025-06-26,23.0,Prefer not to say,102451,94,Premium,Clothing,11,1116.93,96,2.0,1
CUST1948,2024-02-09,52.0,Male,57484,13,Bronze,Home & Kitchen,2,122.39,52,2.0,1
CUST1949,2024-08-16,54.0,Male,37769,41,Bronze,Beauty,10,509.93,144,2.0,1
CUST1950,2025-07-01,66.0,Female,68937,80,Gold,Clothing,8,560.48,63,5.0,1
CUST1951,2024-08-10,37.0,Female,22336,59,Gold,Home & Kitchen,10,360.6,60,2.0,1
CUST1952,2024-01-06,37.0,Female,21488,69,Silver,Home & Kitchen,6,226.52,107,2.0,1
CUST1953,2024-11-17,44.0,Female,61564,92,Premium,Sports & Outdoors,19,1378.13,36,2.0,1
CUST1954,2025-04-12,44.0,Female,21092,53,Gold,Sports & Outdoors,11,415.1,134,5.0,1
CUST1955,2024-03-15,48.0,Female,31842,45,Silver,Beauty,6,218.5,7,4.0,0
CUST1956,2024-01-04,44.0,Male,46286,20,Silver,Home & Kitchen,4,245.74,77,4.0,1
CUST1957,2025-10-07,33.0,Male,40379,24,Silver,Clothing,5,259.85,67,2.0,1
CUST1958,2024-04-27,49.0,Male,50793,61,Silver,Beauty,8,470.84,20,4.0,0
CUST1959,2025-08-28,22.0,Male,84102,91,Gold,Clothing,16,1395.03,93,3.0,0
CUST1960,2025-05-18,35.0,Female,59280,94,Premium,Clothing,10,636.08,74,3.0,1
CUST1961,2025-07-27,53.0,Male,38519,58,Silver,Clothing,10,447.66,156,4.0,0
CUST1962,2025-03-16,19.0,Male,92634,27,Silver,Beauty,4,361.41,152,4.0,1
CUST1963,2024-07-12,26.0,Male,30427,26,Bronze,Electronics,3,140.39,141,4.0,1
CUST1964,2025-12-15,43.0,Non-Binary,58888,7,Bronze,Clothing,4,257.91,77,5.0,0
CUST1965,2025-01-26,39.0,Non-Binary,29103,42,Silver,Clothing,10,406.61,65,5.0,0
CUST1966,2024-01-26,24.0,Female,59609,47,Gold,Electronics,9,584.77,157,2.0,1
CUST1967,2025-03-10,30.0,Female,47438,53,Silver,Electronics,7,358.34,145,3.0,1
CUST1968,2024-06-21,20.0,Female,83077,59,Silver,Beauty,8,587.97,53,1.0,1
CUST1969,2024-10-26,46.0,Female,71891,38,Gold,Beauty,7,551.27,99,5.0,0
CUST1970,2025-10-06,,Male,42607,69,Gold,Clothing,10,538.2,20,2.0,1
CUST1971,2024-11-21,56.0,Female,39460,87,Gold,Beauty,9,430.43,52,5.0,0
CUST1972,2025-02-13,35.0,Female,47505,92,Premium,Beauty,19,933.59,82,3.0,1
CUST1973,2024-04-27,32.0,Female,114104,98,Gold,Clothing,14,1668.67,143,3.0,0
CUST1974,2025-12-24,31.0,Female,102977,53,Silver,Home & Kitchen,8,792.87,155,1.0,1
CUST1975,2024-08-12,32.0,Female,36582,15,Silver,Sports & Outdoors,3,140.18,3,3.0,0
CUST1976,2025-06-15,36.0,Female,74215,96,Premium,Clothing,12,879.96,54,5.0,1
CUST1977,2024-04-22,65.0,Female,26958,26,Bronze,Electronics,4,122.87,14,1.0,1
CUST1978,2024-05-19,30.0,Male,45057,48,Silver,Sports & Outdoors,14,776.94,63,3.0,0
CUST1979,2025-07-12,31.0,Female,37183,95,Gold,Home & Kitchen,14,538.75,111,1.0,1
CUST1980,2024-01-01,35.0,Female,82648,19,Silver,Electronics,4,340.07,143,3.0,1
CUST1981,2024-03-30,48.0,Female,32155,9,Bronze,Home & Kitchen,3,128.87,117,2.0,1
CUST1982,2025-10-15,18.0,Female,63983,64,Silver,Clothing,11,689.92,19,3.0,0
CUST1983,2024-11-15,40.0,Male,53902,93,Gold,Beauty,20,1068.72,63,5.0,0
CUST1984,2025-07-03,25.0,Female,50234,54,Silver,Clothing,10,530.09,32,3.0,1
CUST1985,2024-05-18,41.0,Male,105163,51,Silver,Clothing,12,1193.98,80,3.0,0
CUST1986,2025-05-25,29.0,Female,108936,39,Silver,Home & Kitchen,3,294.39,125,4.0,0
CUST1987,2024-09-15,18.0,Male,50862,4,Bronze,Clothing,3,155.28,68,2.0,1
CUST1988,2025-11-03,39.0,Female,46923,3,Bronze,Electronics,3,163.45,166,3.0,1
CUST1989,2025-11-20,39.0,Male,29492,64,Silver,Home & Kitchen,8,396.2,163,4.0,0
CUST1990,2024-01-10,28.0,Female,53795,29,Silver,Beauty,7,454.07,93,2.0,1
CUST1991,2024-09-17,27.0,Male,117707,11,Bronze,Electronics,4,455.57,67,4.0,1
CUST1992,2025-10-11,19.0,Female,51182,97,Premium,Home & Kitchen,17,1075.99,86,3.0,0
CUST1993,2024-06-20,44.0,Female,72124,58,Silver,Clothing,11,889.69,20,4.0,0
CUST1994,2024-01-13,45.0,Prefer not to say,30811,75,Gold,Clothing,7,274.06,62,5.0,0
CUST1995,2024-06-16,,Female,45284,27,Bronze,Clothing,5,270.13,84,,1
CUST1996,2025-10-03,28.0,Female,64836,97,Premium,Clothing,13,960.95,133,3.0,1
CUST1997,2025-08-18,34.0,Male,56217,21,Bronze,Beauty,6,404.52,23,3.0,0
CUST1998,2024-11-16,62.0,Male,74944,39,Gold,Clothing,6,498.44,110,2.0,0
CUST1999,2024-11-14,41.0,Male,42343,95,Gold,Home & Kitchen,9,406.36,180,4.0,0
CUST2000,2025-09-04,23.0,Female,26759,46,Silver,Electronics,8,345.4,94,4.0,0
